"","City","Date","Precip","Weather","Dewpoint","Pressure","Visibility","Windspeed","MaxSpeed","TempMax","TempMin"
"1","ATLANTA 2.3 NE, GA US",2020-01-01,0,"sun",26.1,1017.4,10,7.4,11.1,57,36
"2","ATLANTA 2.3 NE, GA US",2020-01-02,0.02,"rain",35.1,1016.1,7.6,4.2,12,57,36
"3","ATLANTA 2.3 NE, GA US",2020-01-03,1.4,"rain",53.1,1011.7,2.1,5.8,13,63,46
"4","ATLANTA 2.3 NE, GA US",2020-01-04,1.79,"rain",49.2,1013.6,7.9,9.5,22.9,63,45
"5","ATLANTA 2.3 NE, GA US",2020-01-05,0,"sun",25.9,1025.1,10,9.9,24.1,59,32
"6","ATLANTA 2.3 NE, GA US",2020-01-06,0,"sun",32.5,1022.5,10,5.1,8,63,32
"7","ATLANTA 2.3 NE, GA US",2020-01-07,0.03,"rain",38.1,1019,9.9,9.8,19,63,37.9
"8","ATLANTA 2.3 NE, GA US",2020-01-08,0,"sun",25.2,1027.9,10,7.7,11.1,61,36
"9","ATLANTA 2.3 NE, GA US",2020-01-09,0,"sun",30,1031.9,10,5.7,13,64,36
"10","ATLANTA 2.3 NE, GA US",2020-01-10,0,"sun",46.2,1030.2,10,8.1,12,66,37
"11","ATLANTA 2.3 NE, GA US",2020-01-11,0,"sun",59.4,1021.6,8.7,11.5,19,70,50
"12","ATLANTA 2.3 NE, GA US",2020-01-12,1.66,"rain",52.2,1022.9,9.5,5.5,15,70,48.9
"13","ATLANTA 2.3 NE, GA US",2020-01-13,0.31,"rain",56.7,1026,7.8,4.1,8.9,69.1,48.9
"14","ATLANTA 2.3 NE, GA US",2020-01-14,1.12,"rain",60.4,1024.9,4,5,19,66,59
"15","ATLANTA 2.3 NE, GA US",2020-01-15,0.46,"rain",57.8,1022.2,9.9,3.6,8,72,55.9
"16","ATLANTA 2.3 NE, GA US",2020-01-16,0.51,"rain",53.2,1025.2,8.4,9.6,20,72,55
"17","ATLANTA 2.3 NE, GA US",2020-01-17,0,"sun",26.6,1032,10,9.5,15,64.9,45
"18","ATLANTA 2.3 NE, GA US",2020-01-18,0,"sun",30,1029.9,10,8.9,13,55.9,43
"19","ATLANTA 2.3 NE, GA US",2020-01-19,0.54,"rain",37,1020.5,8.1,10.5,19,55.9,39.9
"20","ATLANTA 2.3 NE, GA US",2020-01-20,0,"sun",16.4,1026.3,10,11.6,15.9,55.9,25
"21","ATLANTA 2.3 NE, GA US",2020-01-21,0,"sun",15.5,1029.8,10,8.9,17.1,41,23
"22","ATLANTA 2.3 NE, GA US",2020-01-22,0,"sun",13.7,1028.6,10,7.5,14,50,23
"23","ATLANTA 2.3 NE, GA US",2020-01-23,0,"sun",22.3,1024.2,9.9,10,17.1,50,24.1
"24","ATLANTA 2.3 NE, GA US",2020-01-24,0.84,"rain",40.8,1016.9,4.7,7.5,13,59,37.9
"25","ATLANTA 2.3 NE, GA US",2020-01-25,0.06,"rain",32.8,1017.6,10,8.7,17.1,59,37
"26","ATLANTA 2.3 NE, GA US",2020-01-26,0,"sun",30.3,1019.4,10,6.6,9.9,51.1,33.1
"27","ATLANTA 2.3 NE, GA US",2020-01-27,0.01,"drizzle",39,1015,10,4.6,13,53.1,33.1
"28","ATLANTA 2.3 NE, GA US",2020-01-28,0.01,"drizzle",34.8,1016.2,10,6.8,12,59,37
"29","ATLANTA 2.3 NE, GA US",2020-01-29,0,"sun",32.5,1016.4,10,4.2,9.9,59,37
"30","ATLANTA 2.3 NE, GA US",2020-01-30,0,"sun",35.5,1018.7,10,6.9,8.9,59,39.9
"31","ATLANTA 2.3 NE, GA US",2020-01-31,0.02,"rain",36.9,1021.2,7.9,8.8,13,59,39.9
"32","ATLANTA 2.3 NE, GA US",2020-02-01,0,"sun",37.7,1017.7,7,6.2,12,50,39.2
"33","ATLANTA 2.3 NE, GA US",2020-02-02,0,"sun",32.9,1017.2,10,8.7,12,66,35.1
"34","ATLANTA 2.3 NE, GA US",2020-02-03,0,"sun",35.2,1017.6,10,6,14,75.9,35.1
"35","ATLANTA 2.3 NE, GA US",2020-02-04,0,"sun",48,1016.9,10,8.3,11.1,75.9,42.1
"36","ATLANTA 2.3 NE, GA US",2020-02-05,0.05,"rain",58.1,1013.2,8.2,8.5,12,69.1,57
"37","ATLANTA 2.3 NE, GA US",2020-02-06,1.01,"rain",60.7,1001.8,5.2,9.8,22.9,72,60.1
"38","ATLANTA 2.3 NE, GA US",2020-02-07,2.32,"rain",34.9,1005.3,8.9,12.9,22,72,37
"39","ATLANTA 2.3 NE, GA US",2020-02-08,0.15,"rain",29.4,1022.8,8.2,3,7,50,30.9
"40","ATLANTA 2.3 NE, GA US",2020-02-09,0,"sun",34.7,1030,3.9,5.3,9.9,55.9,30.9
"41","ATLANTA 2.3 NE, GA US",2020-02-10,0,"sun",39.2,1026,8,6.8,11.1,55.9,34
"42","ATLANTA 2.3 NE, GA US",2020-02-11,1.63,"rain",58,1017.1,5.7,8.7,19,70,39
"43","ATLANTA 2.3 NE, GA US",2020-02-12,0.12,"rain",55.6,1017.2,7.5,6.5,13,73,52
"44","ATLANTA 2.3 NE, GA US",2020-02-13,0.67,"rain",57.4,1012.3,8.8,11.7,25.1,73,50
"45","ATLANTA 2.3 NE, GA US",2020-02-14,0.54,"rain",27.3,1024.7,10,11.7,15.9,52,35.1
"46","ATLANTA 2.3 NE, GA US",2020-02-15,0,"sun",22.2,1030,10,7.8,14,55.9,32
"47","ATLANTA 2.3 NE, GA US",2020-02-16,0,"sun",36.1,1024.3,7.2,5.2,8.9,55.9,32
"48","ATLANTA 2.3 NE, GA US",2020-02-17,0,"sun",44.4,1020,2.5,4.8,8,53.1,42.1
"49","ATLANTA 2.3 NE, GA US",2020-02-18,0,"sun",52.4,1020.5,1,6,12,62.1,44.1
"50","ATLANTA 2.3 NE, GA US",2020-02-19,1.57,"rain",51.1,1022.1,4.9,7.1,18.1,62.1,50
"51","ATLANTA 2.3 NE, GA US",2020-02-20,0.16,"rain",40.8,1025,5.8,12.1,17.1,60.1,39
"52","ATLANTA 2.3 NE, GA US",2020-02-21,0.94,"rain",30.8,1029.7,8.8,8.1,11.1,48,33.8
"53","ATLANTA 2.3 NE, GA US",2020-02-22,0,"sun",25,1031.2,10,3.2,8,55.9,30
"54","ATLANTA 2.3 NE, GA US",2020-02-23,0,"sun",26,1025.8,10,2.3,7,57,30
"55","ATLANTA 2.3 NE, GA US",2020-02-24,0.1,"rain",37.7,1018.4,7.1,4.6,9.9,57,37
"56","ATLANTA 2.3 NE, GA US",2020-02-25,0.97,"rain",49.2,1010.3,3.4,5.6,12,69.1,45
"57","ATLANTA 2.3 NE, GA US",2020-02-26,0.02,"rain",43.9,1012.1,10,6.5,19,69.1,46
"58","ATLANTA 2.3 NE, GA US",2020-02-27,0.03,"rain",24,1020.1,10,13.7,20,55,33.1
"59","ATLANTA 2.3 NE, GA US",2020-02-28,0,"sun",23.6,1021.4,10,8.8,19,54,32
"60","ATLANTA 2.3 NE, GA US",2020-02-29,0,"sun",27.2,1022,10,11.5,22,55.9,32
"61","ATLANTA 2.3 NE, GA US",2020-03-01,0,"sun",25.2,1024.6,10,4.3,8.9,64,34
"62","ATLANTA 2.3 NE, GA US",2020-03-02,0,"sun",39.1,1019.4,8.3,6.1,9.9,64,34
"63","ATLANTA 2.3 NE, GA US",2020-03-03,0.98,"rain",57.6,1011.2,6.1,7,15.9,69.1,46.9
"64","ATLANTA 2.3 NE, GA US",2020-03-04,0.34,"rain",53.8,1014.2,7.7,5.4,9.9,69.1,54
"65","ATLANTA 2.3 NE, GA US",2020-03-05,1.78,"rain",48.5,1016.6,4.6,9.1,18.1,62.1,50
"66","ATLANTA 2.3 NE, GA US",2020-03-06,0.87,"rain",37.4,1020,10,11.9,20,57.9,45
"67","ATLANTA 2.3 NE, GA US",2020-03-07,0,"sun",24.3,1029,10,9.4,20,59,33.1
"68","ATLANTA 2.3 NE, GA US",2020-03-08,0,"sun",28.2,1033.4,10,5.5,12,62.1,33.1
"69","ATLANTA 2.3 NE, GA US",2020-03-09,0,"sun",35.8,1033.2,10,6.2,11.1,66.9,37.9
"70","ATLANTA 2.3 NE, GA US",2020-03-10,0.05,"rain",49,1027.9,9.5,6.2,12,66.9,43
"71","ATLANTA 2.3 NE, GA US",2020-03-11,0.06,"rain",55,1021.2,8.4,5.7,15,72,55
"72","ATLANTA 2.3 NE, GA US",2020-03-12,0.26,"rain",58.2,1015.8,7,4.4,11.1,75.9,55
"73","ATLANTA 2.3 NE, GA US",2020-03-13,0.02,"rain",58.5,1017.2,10,7.5,12,75.9,60.1
"74","ATLANTA 2.3 NE, GA US",2020-03-14,0,"sun",54.3,1023.7,10,4.9,11.1,81,57
"75","ATLANTA 2.3 NE, GA US",2020-03-15,0,"sun",52.2,1024.4,10,7.8,12,81,57
"76","ATLANTA 2.3 NE, GA US",2020-03-16,0,"sun",51.7,1025.8,8.2,7.5,14,71.1,52
"77","ATLANTA 2.3 NE, GA US",2020-03-17,0,"sun",51.1,1024.1,5.1,5.5,11.1,68,51.1
"78","ATLANTA 2.3 NE, GA US",2020-03-18,0,"sun",57.4,1023.8,7.7,4.3,8,78.1,51.1
"79","ATLANTA 2.3 NE, GA US",2020-03-19,0,"sun",59.5,1023.5,5.3,6.7,13,81,55.9
"80","ATLANTA 2.3 NE, GA US",2020-03-20,0.08,"rain",59,1023,10,7.2,15,82.9,59
"81","ATLANTA 2.3 NE, GA US",2020-03-21,0.08,"rain",56.7,1023.6,9.5,8,22.9,82.9,61
"82","ATLANTA 2.3 NE, GA US",2020-03-22,0.06,"rain",47.8,1024.9,9.9,8.5,15,73.9,46.9
"83","ATLANTA 2.3 NE, GA US",2020-03-23,1.59,"rain",51.7,1022.9,2.6,7.4,12,63,46.9
"84","ATLANTA 2.3 NE, GA US",2020-03-24,0.81,"rain",60.3,1016.1,3.6,4.5,15,78.1,51.1
"85","ATLANTA 2.3 NE, GA US",2020-03-25,0,"sun",57.6,1010.9,9.3,8.9,15,78.1,60.1
"86","ATLANTA 2.3 NE, GA US",2020-03-26,0,"sun",50.1,1015.2,10,5.7,8.9,80.1,52
"87","ATLANTA 2.3 NE, GA US",2020-03-27,0,"sun",55.4,1013.7,9.8,5.3,13,84.9,52
"88","ATLANTA 2.3 NE, GA US",2020-03-28,0,"sun",60.9,1014.2,10,7.8,15,84.9,60.1
"89","ATLANTA 2.3 NE, GA US",2020-03-29,0,"sun",58.1,1015.9,9.8,8.9,19,84,66
"90","ATLANTA 2.3 NE, GA US",2020-03-30,0,"sun",39.5,1019.7,10,8.7,12,79,60.1
"91","ATLANTA 2.3 NE, GA US",2020-03-31,0,"sun",42.7,1010,9.3,7.7,20,75,52
"92","ATLANTA 2.3 NE, GA US",2020-04-01,0.36,"rain",36.8,1011.9,10,13.4,19,64,42.1
"93","ATLANTA 2.3 NE, GA US",2020-04-02,0,"sun",36,1017.6,10,5.8,11.1,69.1,39.9
"94","ATLANTA 2.3 NE, GA US",2020-04-03,0,"sun",36.3,1016,10,6.4,8.9,78.1,39.9
"95","ATLANTA 2.3 NE, GA US",2020-04-04,0,"sun",40.2,1014.2,10,5.3,9.9,78.1,48
"96","ATLANTA 2.3 NE, GA US",2020-04-05,0,"sun",45.8,1015.3,10,2.8,5.1,80.1,55.9
"97","ATLANTA 2.3 NE, GA US",2020-04-06,0,"sun",52.2,1017.9,10,5,11.1,82.9,57.9
"98","ATLANTA 2.3 NE, GA US",2020-04-07,0,"sun",55.9,1017.1,10,5.8,13,82.9,57.9
"99","ATLANTA 2.3 NE, GA US",2020-04-08,0,"sun",61.5,1011.9,8.6,6.4,9.9,81,62.1
"100","ATLANTA 2.3 NE, GA US",2020-04-09,0.31,"rain",58.8,1007.6,9.4,10.3,19,81,62.1
"101","ATLANTA 2.3 NE, GA US",2020-04-10,0,"sun",29.1,1011.8,10,13.2,20,78.1,51.1
"102","ATLANTA 2.3 NE, GA US",2020-04-11,0,"sun",28.8,1017.5,10,6.4,9.9,71.1,39.9
"103","ATLANTA 2.3 NE, GA US",2020-04-12,0,"sun",45.8,1014.3,6.8,6.6,15.9,71.6,52
"104","ATLANTA 2.3 NE, GA US",2020-04-13,1.05,"rain",58.2,1009.9,8.7,12.9,25.1,75,50
"105","ATLANTA 2.3 NE, GA US",2020-04-14,0,"sun",46,1017,10,8,13,73.9,46.9
"106","ATLANTA 2.3 NE, GA US",2020-04-15,0,"sun",30.1,1016.1,10,11.5,15,72,41
"107","ATLANTA 2.3 NE, GA US",2020-04-16,0,"sun",26.3,1022.8,10,7.3,13,69.1,41
"108","ATLANTA 2.3 NE, GA US",2020-04-17,0,"sun",39.2,1023,10,5.5,13,73.9,42.1
"109","ATLANTA 2.3 NE, GA US",2020-04-18,0.03,"rain",46.5,1015.3,9.7,8.9,15.9,73.9,46.9
"110","ATLANTA 2.3 NE, GA US",2020-04-19,0,"sun",42.2,1013.2,6.6,5.9,8.9,70,46.9
"111","ATLANTA 2.3 NE, GA US",2020-04-20,2.37,"rain",51.3,1006.4,5.6,9.3,15.9,71.1,46.9
"112","ATLANTA 2.3 NE, GA US",2020-04-21,0.02,"rain",45.8,1012,10,9.1,20,75,53.1
"113","ATLANTA 2.3 NE, GA US",2020-04-22,0,"sun",39.2,1017.1,10,6.4,12,75,48.9
"114","ATLANTA 2.3 NE, GA US",2020-04-23,0.21,"rain",51,1013.6,9,7.5,21,72,48.9
"115","ATLANTA 2.3 NE, GA US",2020-04-24,0.73,"rain",56.2,1007.9,9.9,8.9,20,72,54
"116","ATLANTA 2.3 NE, GA US",2020-04-25,0,"sun",53.2,1010.6,10,6.1,15,80.1,55
"117","ATLANTA 2.3 NE, GA US",2020-04-26,0.01,"drizzle",46.2,1013.5,10,12.2,21,80.1,52
"118","ATLANTA 2.3 NE, GA US",2020-04-27,0,"sun",38.9,1021,10,10.9,22.9,73,46
"119","ATLANTA 2.3 NE, GA US",2020-04-28,0,"sun",42.4,1021,10,4,8.9,79,46
"120","ATLANTA 2.3 NE, GA US",2020-04-29,0,"sun",52.4,1013.5,9.8,8.5,15.9,79,53.1
"121","ATLANTA 2.3 NE, GA US",2020-04-30,0.73,"rain",51.2,1009.9,9.5,8.4,20,71.1,53.1
"122","ATLANTA 2.3 NE, GA US",2020-05-01,0,"sun",42.3,1015.5,10,8.9,15,75,48
"123","ATLANTA 2.3 NE, GA US",2020-05-02,0,"sun",43.3,1020,10,4.4,8.9,82,48
"124","ATLANTA 2.3 NE, GA US",2020-05-03,0,"sun",51.2,1017.8,10,6.2,11.1,84.9,52
"125","ATLANTA 2.3 NE, GA US",2020-05-04,0,"sun",56.9,1013.9,10,5.8,8,86,57.9
"126","ATLANTA 2.3 NE, GA US",2020-05-05,0,"sun",62.7,1011.5,10,7.2,13,86,61
"127","ATLANTA 2.3 NE, GA US",2020-05-06,0,"sun",47.7,1012.6,10,13.8,22,84,54
"128","ATLANTA 2.3 NE, GA US",2020-05-07,0,"sun",37,1019.3,10,10.6,18.1,73.9,45
"129","ATLANTA 2.3 NE, GA US",2020-05-08,0,"sun",42.2,1016.3,9.7,4.7,9.9,69.1,45
"130","ATLANTA 2.3 NE, GA US",2020-05-09,0.15,"rain",36.9,1019.7,9.4,9.8,19,66,44.1
"131","ATLANTA 2.3 NE, GA US",2020-05-10,0,"sun",34.6,1022.6,10,4.8,8.9,73.9,42.1
"132","ATLANTA 2.3 NE, GA US",2020-05-11,0,"sun",34.9,1020.9,10,10.3,15.9,73.9,42.1
"133","ATLANTA 2.3 NE, GA US",2020-05-12,0,"sun",36.9,1023.1,10,5.4,11.1,73.9,48.9
"134","ATLANTA 2.3 NE, GA US",2020-05-13,0,"sun",48,1023.3,10,5.8,11.1,80.1,48.9
"135","ATLANTA 2.3 NE, GA US",2020-05-14,0,"sun",56.2,1023,10,7.1,11.1,82.9,55.9
"136","ATLANTA 2.3 NE, GA US",2020-05-15,0,"sun",56.2,1020.1,10,6.3,8.9,82.9,61
"137","ATLANTA 2.3 NE, GA US",2020-05-16,0,"sun",57.3,1016.6,10,4.8,9.9,84.9,61
"138","ATLANTA 2.3 NE, GA US",2020-05-17,0,"sun",59.7,1014.7,10,5.9,12,84.9,63
"139","ATLANTA 2.3 NE, GA US",2020-05-18,1.74,"rain",65.4,1010.5,8.2,5.5,11.1,84.9,64.9
"140","ATLANTA 2.3 NE, GA US",2020-05-19,0.33,"rain",59.9,1008,9.3,7.6,14,75,62.6
"141","ATLANTA 2.3 NE, GA US",2020-05-20,0.48,"rain",54.7,1011.8,9.7,10.2,15,75.9,57.9
"142","ATLANTA 2.3 NE, GA US",2020-05-21,0.02,"rain",53.5,1015.8,8.8,5.7,12,75,54
"143","ATLANTA 2.3 NE, GA US",2020-05-22,0,"sun",62,1017.2,10,5.5,11.1,86,54
"144","ATLANTA 2.3 NE, GA US",2020-05-23,0.04,"rain",64.7,1017.9,9.9,5,15.9,86,64
"145","ATLANTA 2.3 NE, GA US",2020-05-24,0.06,"rain",64.7,1017.5,10,3.9,12,88,64.9
"146","ATLANTA 2.3 NE, GA US",2020-05-25,0,"sun",64.6,1016.8,9.7,6.5,18.1,88,68
"147","ATLANTA 2.3 NE, GA US",2020-05-26,0.26,"rain",64.8,1017.1,9,9.6,18.1,84.9,68
"148","ATLANTA 2.3 NE, GA US",2020-05-27,0.03,"rain",64.4,1015.5,7.9,9.6,14,75,68
"149","ATLANTA 2.3 NE, GA US",2020-05-28,0.86,"rain",66,1015.4,6.5,5.4,14,84,66
"150","ATLANTA 2.3 NE, GA US",2020-05-29,0.02,"rain",67.3,1016.4,9.9,3.6,9.9,84,66.9
"151","ATLANTA 2.3 NE, GA US",2020-05-30,0.9,"rain",64.5,1016.5,10,5.5,11.1,86,66.9
"152","ATLANTA 2.3 NE, GA US",2020-05-31,0,"sun",57.6,1017.2,10,6.4,9.9,86,63
"153","ATLANTA 2.3 NE, GA US",2020-06-01,0,"sun",57.6,1021,10,8.9,13,84.9,63
"154","ATLANTA 2.3 NE, GA US",2020-06-02,0,"sun",60,1021.7,10,5.5,8,84.9,66
"155","ATLANTA 2.3 NE, GA US",2020-06-03,0,"sun",64.1,1017.4,10,5,8.9,87.1,66
"156","ATLANTA 2.3 NE, GA US",2020-06-04,0,"sun",66.1,1013.7,9.7,6.5,9.9,89.1,69.1
"157","ATLANTA 2.3 NE, GA US",2020-06-05,0.01,"rain",67.4,1013.9,9.8,6.4,12,89.1,70
"158","ATLANTA 2.3 NE, GA US",2020-06-06,0.43,"rain",67.7,1015.4,9.7,3.8,18.1,87.1,69.1
"159","ATLANTA 2.3 NE, GA US",2020-06-07,0,"sun",68.4,1014.2,9.9,4.7,9.9,87.1,69.1
"160","ATLANTA 2.3 NE, GA US",2020-06-08,0,"sun",70.1,1012.8,9.9,6.9,9.9,84.9,71.1
"161","ATLANTA 2.3 NE, GA US",2020-06-09,0.77,"rain",71.3,1013.9,9.6,6.7,21,86,73
"162","ATLANTA 2.3 NE, GA US",2020-06-10,0.08,"rain",71.5,1014.8,8.5,6.5,14,86,73
"163","ATLANTA 2.3 NE, GA US",2020-06-11,0.94,"rain",65.2,1017.7,10,9.3,15,84,68
"164","ATLANTA 2.3 NE, GA US",2020-06-12,0.02,"rain",59.9,1019.5,10,8.1,15.9,88,66
"165","ATLANTA 2.3 NE, GA US",2020-06-13,0.01,"drizzle",59.2,1018.6,10,6.9,13,88,66
"166","ATLANTA 2.3 NE, GA US",2020-06-14,0,"sun",58.9,1020.2,9.7,4.9,32.1,87.1,66.9
"167","ATLANTA 2.3 NE, GA US",2020-06-15,1.02,"rain",59.9,1021.3,10,7.6,32.1,81,63
"168","ATLANTA 2.3 NE, GA US",2020-06-16,0,"sun",55.5,1021.9,10,9.9,14,80.1,61
"169","ATLANTA 2.3 NE, GA US",2020-06-17,0,"sun",55.2,1019.9,10,5.4,11.1,75.9,59
"170","ATLANTA 2.3 NE, GA US",2020-06-18,0,"sun",58.4,1017.6,10,4,9.9,82.9,59
"171","ATLANTA 2.3 NE, GA US",2020-06-19,0,"sun",61,1018,10,3.4,8.9,87.1,61
"172","ATLANTA 2.3 NE, GA US",2020-06-20,0,"sun",61.7,1017.7,10,4.1,8.9,90,66.9
"173","ATLANTA 2.3 NE, GA US",2020-06-21,0,"sun",64.1,1015.7,10,3.8,27,90,66.9
"174","ATLANTA 2.3 NE, GA US",2020-06-22,0.02,"rain",67.1,1016.4,9.7,3.5,15.9,90,69.1
"175","ATLANTA 2.3 NE, GA US",2020-06-23,0.52,"rain",68,1013.4,9.9,8,13,87.1,69.1
"176","ATLANTA 2.3 NE, GA US",2020-06-24,0.22,"rain",66.6,1013.8,10,8.3,9.9,86,69.1
"177","ATLANTA 2.3 NE, GA US",2020-06-25,0.02,"rain",67.9,1017.1,8.8,5.4,9.9,82.9,69.1
"178","ATLANTA 2.3 NE, GA US",2020-06-26,0,"sun",66.4,1021.4,9.8,7.7,15,86,68
"179","ATLANTA 2.3 NE, GA US",2020-06-27,0.02,"rain",64.2,1020,7.2,7.4,29.9,88,68
"180","ATLANTA 2.3 NE, GA US",2020-06-28,0.6,"rain",69.8,1015.7,10,7.2,13,90,68
"181","ATLANTA 2.3 NE, GA US",2020-06-29,0,"sun",68.4,1015.1,10,7.2,11.1,93,73
"182","ATLANTA 2.3 NE, GA US",2020-06-30,0,"sun",67.1,1014.9,10,7.3,19,93,72
"183","ATLANTA 2.3 NE, GA US",2020-07-01,0.49,"rain",67.6,1013.4,10,6.9,19,91,69.1
"184","ATLANTA 2.3 NE, GA US",2020-07-02,0.06,"rain",68.4,1012.6,9.8,7.6,20,89.1,69.1
"185","ATLANTA 2.3 NE, GA US",2020-07-03,0.01,"drizzle",68.9,1013.4,9.9,4.4,8,93,71.1
"186","ATLANTA 2.3 NE, GA US",2020-07-04,0,"sun",68.4,1013.1,9.7,2.6,14,93,73
"187","ATLANTA 2.3 NE, GA US",2020-07-05,0.91,"rain",68.5,1013.1,6.7,5.2,14,91.9,73
"188","ATLANTA 2.3 NE, GA US",2020-07-06,0,"sun",67.9,1014.3,9.1,6.8,17.1,91.9,73
"189","ATLANTA 2.3 NE, GA US",2020-07-07,0.31,"rain",70.2,1014.6,9.3,7,11.1,87.1,73
"190","ATLANTA 2.3 NE, GA US",2020-07-08,0.03,"rain",70.2,1013.8,10,5.4,8.9,87.1,73
"191","ATLANTA 2.3 NE, GA US",2020-07-09,0,"sun",70.1,1012.7,9.9,5.6,13,89.1,73
"192","ATLANTA 2.3 NE, GA US",2020-07-10,0.22,"rain",71.5,1013.4,8.5,5.1,13,91.9,71.6
"193","ATLANTA 2.3 NE, GA US",2020-07-11,0,"sun",66.5,1012.4,10,10.4,15.9,91.9,72
"194","ATLANTA 2.3 NE, GA US",2020-07-12,0,"sun",64.1,1011.7,10,6.4,9.9,91.9,69.1
"195","ATLANTA 2.3 NE, GA US",2020-07-13,0,"sun",67.9,1011.5,8.9,6.9,14,90,68
"196","ATLANTA 2.3 NE, GA US",2020-07-14,0,"sun",66.4,1014.5,10,5.2,8.9,93,68
"197","ATLANTA 2.3 NE, GA US",2020-07-15,0,"sun",68.9,1016.7,9.9,3,8,93,72
"198","ATLANTA 2.3 NE, GA US",2020-07-16,1.67,"rain",70.6,1019.1,9.6,4,9.9,91.9,73
"199","ATLANTA 2.3 NE, GA US",2020-07-17,0.02,"rain",69.8,1020.8,10,3.8,7,93,73
"200","ATLANTA 2.3 NE, GA US",2020-07-18,0,"sun",69.7,1019.5,10,4,14,95,75.9
"201","ATLANTA 2.3 NE, GA US",2020-07-19,0.2,"rain",69.2,1018,10,3,8,95,75
"202","ATLANTA 2.3 NE, GA US",2020-07-20,0,"sun",68.8,1016.5,9.8,4.3,19,95,75
"203","ATLANTA 2.3 NE, GA US",2020-07-21,0,"sun",70.1,1017.3,9.9,3.7,22,95,75
"204","ATLANTA 2.3 NE, GA US",2020-07-22,0.02,"rain",69.9,1018.8,9.7,4.7,8.9,95,73
"205","ATLANTA 2.3 NE, GA US",2020-07-23,0.02,"rain",68.5,1019.6,10,3.6,8.9,93,73
"206","ATLANTA 2.3 NE, GA US",2020-07-24,0,"sun",68.4,1020.6,10,4.6,14,93,73.9
"207","ATLANTA 2.3 NE, GA US",2020-07-25,0,"sun",68.6,1020.3,10,5,12,91,72
"208","ATLANTA 2.3 NE, GA US",2020-07-26,0.24,"rain",68.1,1020.7,10,2.6,6,91,71.1
"209","ATLANTA 2.3 NE, GA US",2020-07-27,0.03,"rain",68.8,1017.9,10,4.3,15,93,71.1
"210","ATLANTA 2.3 NE, GA US",2020-07-28,0,"sun",69.3,1016,10,5.3,15,93,73.9
"211","ATLANTA 2.3 NE, GA US",2020-07-29,0.01,"rain",71,1015.8,9.4,6.2,8.9,89.1,75
"212","ATLANTA 2.3 NE, GA US",2020-07-30,2.11,"rain",71.9,1014.6,9.7,7.5,15.9,88,75
"213","ATLANTA 2.3 NE, GA US",2020-07-31,0.01,"rain",71.4,1013.1,9.9,8.1,11.1,91.9,75
"214","ATLANTA 2.3 NE, GA US",2020-08-01,0,"sun",69.3,1013.5,10,6.7,14,91.9,73
"215","ATLANTA 2.3 NE, GA US",2020-08-02,0,"sun",68.8,1014.5,10,4,8.9,91.9,73
"216","ATLANTA 2.3 NE, GA US",2020-08-03,0,"sun",68.6,1013.9,9.6,5.1,25.1,87.1,71.6
"217","ATLANTA 2.3 NE, GA US",2020-08-04,1.32,"rain",66.1,1014,10,4.9,8.9,91,68
"218","ATLANTA 2.3 NE, GA US",2020-08-05,0,"sun",66.8,1015.1,10,5.2,15.9,91,68
"219","ATLANTA 2.3 NE, GA US",2020-08-06,0,"sun",69.2,1015.2,10,5.5,8,91,73
"220","ATLANTA 2.3 NE, GA US",2020-08-07,0.51,"rain",68.2,1016.8,10,5,9.9,91,73
"221","ATLANTA 2.3 NE, GA US",2020-08-08,0,"sun",67.3,1019.3,10,3.4,9.9,93.9,73
"222","ATLANTA 2.3 NE, GA US",2020-08-09,0,"sun",68.5,1019.9,10,4,9.9,96.1,73
"223","ATLANTA 2.3 NE, GA US",2020-08-10,0,"sun",67.9,1018.5,10,6.2,17.1,96.1,73
"224","ATLANTA 2.3 NE, GA US",2020-08-11,0,"sun",69.4,1016.2,10,5.8,9.9,95,72
"225","ATLANTA 2.3 NE, GA US",2020-08-12,0.17,"rain",70.5,1015.4,10,4.6,13,93.9,72
"226","ATLANTA 2.3 NE, GA US",2020-08-13,0,"sun",70.2,1015.5,10,4.8,8.9,93.9,73.9
"227","ATLANTA 2.3 NE, GA US",2020-08-14,0.42,"rain",70.1,1014.4,9.3,4.4,17.1,93.9,72
"228","ATLANTA 2.3 NE, GA US",2020-08-15,0,"sun",71,1012,8.6,5.2,13,89.1,72
"229","ATLANTA 2.3 NE, GA US",2020-08-16,0.81,"rain",67.6,1012.7,10,7,13,91.9,72
"230","ATLANTA 2.3 NE, GA US",2020-08-17,0.01,"drizzle",68,1014.3,10,5.4,11.1,91.9,72
"231","ATLANTA 2.3 NE, GA US",2020-08-18,0.01,"drizzle",62.7,1013.5,10,6.2,11.1,91.9,70
"232","ATLANTA 2.3 NE, GA US",2020-08-19,1.43,"rain",67,1011.7,10,5.2,19,91.9,70
"233","ATLANTA 2.3 NE, GA US",2020-08-20,0,"sun",67,1013.1,9,7.4,18.1,88,69.1
"234","ATLANTA 2.3 NE, GA US",2020-08-21,0.14,"rain",67.6,1012.6,8.5,6.1,15.9,84,69.1
"235","ATLANTA 2.3 NE, GA US",2020-08-22,1.13,"rain",67.2,1014.1,9,4,8.9,84.9,69.8
"236","ATLANTA 2.3 NE, GA US",2020-08-23,0.13,"rain",68.9,1017.8,10,3.8,9.9,86,70
"237","ATLANTA 2.3 NE, GA US",2020-08-24,0.04,"rain",71.1,1019.2,8.4,6.7,12,86,72
"238","ATLANTA 2.3 NE, GA US",2020-08-25,0.19,"rain",71.1,1019.1,4.9,6.7,11.1,84.9,73
"239","ATLANTA 2.3 NE, GA US",2020-08-26,0.74,"rain",72.9,1018.6,6.3,4.2,15.9,89.1,73
"240","ATLANTA 2.3 NE, GA US",2020-08-27,0.02,"rain",71.5,1017.4,10,4.7,8.9,90,73
"241","ATLANTA 2.3 NE, GA US",2020-08-28,0,"sun",72.9,1015.4,9.9,5.7,9.9,90,73
"242","ATLANTA 2.3 NE, GA US",2020-08-29,0,"sun",71.6,1011.6,10,9.4,13,89.1,75
"243","ATLANTA 2.3 NE, GA US",2020-08-30,0,"sun",72.7,1010.5,8.6,5.9,15.9,91,72
"244","ATLANTA 2.3 NE, GA US",2020-08-31,0.27,"rain",71.5,1011.6,7.6,3.6,12,91,72
"245","ATLANTA 2.3 NE, GA US",2020-09-01,0.02,"rain",72.8,1014.3,10,3.5,11.1,89.1,73
"246","ATLANTA 2.3 NE, GA US",2020-09-02,0,"sun",72.5,1015.3,9.8,5.6,9.9,89.1,73.9
"247","ATLANTA 2.3 NE, GA US",2020-09-03,0,"sun",70.4,1015.2,10,6.3,12,91,73
"248","ATLANTA 2.3 NE, GA US",2020-09-04,0,"sun",69.7,1017.2,10,7.5,12,91.9,73
"249","ATLANTA 2.3 NE, GA US",2020-09-05,0,"sun",64.2,1020.7,10,7.6,11.1,91.9,68
"250","ATLANTA 2.3 NE, GA US",2020-09-06,0,"sun",57.9,1021.2,10,7.3,9.9,89.1,68
"251","ATLANTA 2.3 NE, GA US",2020-09-07,0,"sun",56.8,1017.4,10,6.5,8.9,84.9,66
"252","ATLANTA 2.3 NE, GA US",2020-09-08,0,"sun",60.2,1016.2,10,6.8,11.1,86,66
"253","ATLANTA 2.3 NE, GA US",2020-09-09,0,"sun",63.8,1018.4,10,9.1,14,86,66.9
"254","ATLANTA 2.3 NE, GA US",2020-09-10,0,"sun",70.1,1020.2,9.9,8.5,13,87.1,70
"255","ATLANTA 2.3 NE, GA US",2020-09-11,0.13,"rain",70.9,1018.5,10,6.2,8.9,91,73.9
"256","ATLANTA 2.3 NE, GA US",2020-09-12,0.43,"rain",71.7,1015.9,8.6,7,13,91,73.9
"257","ATLANTA 2.3 NE, GA US",2020-09-13,0,"sun",69.8,1016.6,10,8.2,12,88,73
"258","ATLANTA 2.3 NE, GA US",2020-09-14,0,"sun",70.1,1017.9,10,7.2,9.9,88,73
"259","ATLANTA 2.3 NE, GA US",2020-09-15,0.11,"rain",67,1019.5,9.5,12.8,19,87.1,69.1
"260","ATLANTA 2.3 NE, GA US",2020-09-16,0,"sun",61,1017.7,8.2,13.6,17.1,71.1,62.6
"261","ATLANTA 2.3 NE, GA US",2020-09-17,4.05,"rain",66.1,1009.4,5.4,15.7,21,75.2,66.9
"262","ATLANTA 2.3 NE, GA US",2020-09-18,1.01,"rain",66.2,1011.8,9.8,6.4,9.9,81,66.2
"263","ATLANTA 2.3 NE, GA US",2020-09-19,0,"sun",58.6,1019.2,10,9.9,14,82.9,66
"264","ATLANTA 2.3 NE, GA US",2020-09-20,0,"sun",49.1,1024.1,10,12.8,17.1,72,55
"265","ATLANTA 2.3 NE, GA US",2020-09-21,0,"sun",46.2,1027,10,13.6,20,72,53.1
"266","ATLANTA 2.3 NE, GA US",2020-09-22,0,"sun",48.3,1024.7,10,7.3,11.1,72,51.1
"267","ATLANTA 2.3 NE, GA US",2020-09-23,0,"sun",53.7,1018.7,10,3.1,8,77,51.1
"268","ATLANTA 2.3 NE, GA US",2020-09-24,0,"sun",60.2,1015.4,7.2,6.3,11.1,77,61
"269","ATLANTA 2.3 NE, GA US",2020-09-25,0.83,"rain",66.5,1013.3,6.8,7.2,11.1,77,64
"270","ATLANTA 2.3 NE, GA US",2020-09-26,0.02,"rain",64.6,1015.6,8.2,2.7,6,81,68
"271","ATLANTA 2.3 NE, GA US",2020-09-27,0,"sun",66,1014.8,10,3.7,9.9,82.9,66.9
"272","ATLANTA 2.3 NE, GA US",2020-09-28,0.24,"rain",66.6,1011.7,9.1,6.2,9.9,84,66.9
"273","ATLANTA 2.3 NE, GA US",2020-09-29,0.2,"rain",58.7,1011.3,9.1,8.4,15,84,57.9
"274","ATLANTA 2.3 NE, GA US",2020-09-30,0.14,"rain",49.2,1016.5,10,6.5,11.1,73,50
"275","ATLANTA 2.3 NE, GA US",2020-10-01,0,"sun",53.4,1016.6,10,5.2,14,80.1,50
"276","ATLANTA 2.3 NE, GA US",2020-10-02,0,"sun",43.1,1018.1,10,8.3,11.1,80.1,50
"277","ATLANTA 2.3 NE, GA US",2020-10-03,0,"sun",43.9,1020.7,10,5.6,8.9,71.1,48.9
"278","ATLANTA 2.3 NE, GA US",2020-10-04,0,"sun",47.5,1021.2,10,5.2,8.9,72,48.9
"279","ATLANTA 2.3 NE, GA US",2020-10-05,0,"sun",52.3,1020.5,10,4.1,8,77,54
"280","ATLANTA 2.3 NE, GA US",2020-10-06,0,"sun",56,1019.9,10,4.8,8.9,79,54
"281","ATLANTA 2.3 NE, GA US",2020-10-07,0,"sun",62,1018.1,10,3.7,8.9,82.9,57
"282","ATLANTA 2.3 NE, GA US",2020-10-08,0,"sun",56.7,1018.1,10,4,6,84.9,59
"283","ATLANTA 2.3 NE, GA US",2020-10-09,0,"sun",62.5,1019.2,9.3,6.2,13,84.9,59
"284","ATLANTA 2.3 NE, GA US",2020-10-10,0,"sun",66.7,1016.7,5.7,8.7,14,75.9,64.4
"285","ATLANTA 2.3 NE, GA US",2020-10-11,5.03,"rain",68.7,1008.7,8.3,8,13,77,64.9
"286","ATLANTA 2.3 NE, GA US",2020-10-12,0.47,"rain",67.2,1011.5,9.9,5.3,8.9,81,69.8
"287","ATLANTA 2.3 NE, GA US",2020-10-13,0.03,"rain",62.2,1014.9,9.4,7.6,14,81,66.9
"288","ATLANTA 2.3 NE, GA US",2020-10-14,0.09,"rain",51.9,1017.3,10,7.4,13,80.1,55
"289","ATLANTA 2.3 NE, GA US",2020-10-15,0,"sun",61.7,1015.7,8.4,5.8,8.9,81,55
"290","ATLANTA 2.3 NE, GA US",2020-10-16,0,"sun",52.2,1018.2,10,9,15.9,81,55.9
"291","ATLANTA 2.3 NE, GA US",2020-10-17,0,"sun",37.8,1024.6,10,8.2,14,69.1,45
"292","ATLANTA 2.3 NE, GA US",2020-10-18,0,"sun",45.9,1025.1,10,7.9,13,72,45
"293","ATLANTA 2.3 NE, GA US",2020-10-19,0,"sun",53.6,1023.7,10,6.5,8.9,75.9,48.9
"294","ATLANTA 2.3 NE, GA US",2020-10-20,0,"sun",56.7,1022.2,10,6.4,8.9,79,54
"295","ATLANTA 2.3 NE, GA US",2020-10-21,0,"sun",61.7,1021.8,9.9,6.8,11.1,81,57
"296","ATLANTA 2.3 NE, GA US",2020-10-22,0,"sun",63.7,1021.1,10,7.4,12,81,62.1
"297","ATLANTA 2.3 NE, GA US",2020-10-23,0,"sun",63.6,1019.2,10,5.7,7,82,64
"298","ATLANTA 2.3 NE, GA US",2020-10-24,0,"sun",64.2,1016.1,9.1,3.1,11.1,82,64
"299","ATLANTA 2.3 NE, GA US",2020-10-25,1.82,"rain",64.3,1013.3,9,4.4,8,80.1,64.9
"300","ATLANTA 2.3 NE, GA US",2020-10-26,0,"sun",64.2,1017.5,7.9,5.3,9.9,75,64
"301","ATLANTA 2.3 NE, GA US",2020-10-27,0,"sun",63.7,1020.8,5.2,5.5,9.9,75,64
"302","ATLANTA 2.3 NE, GA US",2020-10-28,0.08,"rain",68.3,1017.9,6.4,5.7,9.9,77,64
"303","ATLANTA 2.3 NE, GA US",2020-10-29,0.93,"rain",67.4,1005.8,8.9,12.8,28,82,69.1
"304","ATLANTA 2.3 NE, GA US",2020-10-30,0.03,"rain",42.3,1015.5,10,14.4,22,82,50
"305","ATLANTA 2.3 NE, GA US",2020-10-31,0,"sun",41.1,1025.1,10,9.3,15.9,66,46.9
"306","ATLANTA 2.3 NE, GA US",2020-11-01,0,"sun",49.9,1022.6,7.6,8.2,15.9,71.1,46.9
"307","ATLANTA 2.3 NE, GA US",2020-11-02,0,"sun",22.2,1026,10,11.8,21,71.1,37.9
"308","ATLANTA 2.3 NE, GA US",2020-11-03,0,"sun",27,1026.9,10,6,9.9,66,37
"309","ATLANTA 2.3 NE, GA US",2020-11-04,0,"sun",36.9,1027.8,10,4.4,8,69.1,37
"310","ATLANTA 2.3 NE, GA US",2020-11-05,0,"sun",43.1,1028.6,10,5.6,8,71.1,44.1
"311","ATLANTA 2.3 NE, GA US",2020-11-06,0,"sun",50,1024.9,10,8.1,12,75,46.9
"312","ATLANTA 2.3 NE, GA US",2020-11-07,0,"sun",58,1022.8,9.1,9.3,13,75,57
"313","ATLANTA 2.3 NE, GA US",2020-11-08,0,"sun",61.1,1022.9,9.8,12.4,18.1,75.9,61
"314","ATLANTA 2.3 NE, GA US",2020-11-09,0.02,"rain",61.8,1022.2,10,12.7,15.9,78.1,63
"315","ATLANTA 2.3 NE, GA US",2020-11-10,0,"sun",64.2,1018.6,7,11.5,15,78.1,64.9
"316","ATLANTA 2.3 NE, GA US",2020-11-11,0.05,"rain",69.5,1013.2,4.2,4.7,11.1,78.1,66.9
"317","ATLANTA 2.3 NE, GA US",2020-11-12,1.14,"rain",64.8,1011.8,6,8,13,78.1,63
"318","ATLANTA 2.3 NE, GA US",2020-11-13,0.03,"rain",50.8,1017.5,9.2,9.6,14,73.9,54
"319","ATLANTA 2.3 NE, GA US",2020-11-14,0,"sun",41.9,1020.5,10,5.1,8.9,73,46.9
"320","ATLANTA 2.3 NE, GA US",2020-11-15,0,"sun",52.3,1018.2,9.7,6.4,19,72,46.9
"321","ATLANTA 2.3 NE, GA US",2020-11-16,0,"sun",29.4,1022.7,10,8.2,17.1,72,43
"322","ATLANTA 2.3 NE, GA US",2020-11-17,0,"sun",26.4,1026.2,10,9.9,20,64,41
"323","ATLANTA 2.3 NE, GA US",2020-11-18,0,"sun",22.2,1031.8,10,6,11.1,64,37.9
"324","ATLANTA 2.3 NE, GA US",2020-11-19,0,"sun",27,1034.3,10,5.9,11.1,64,37
"325","ATLANTA 2.3 NE, GA US",2020-11-20,0,"sun",35.5,1032.8,10,5,8,70,37
"326","ATLANTA 2.3 NE, GA US",2020-11-21,0,"sun",48.2,1029,10,2.1,5.1,72,42.1
"327","ATLANTA 2.3 NE, GA US",2020-11-22,0,"sun",50.5,1023.5,9.7,2.5,6,72,46.9
"328","ATLANTA 2.3 NE, GA US",2020-11-23,0,"sun",42.6,1022,10,9.5,17.1,71.1,45
"329","ATLANTA 2.3 NE, GA US",2020-11-24,0,"sun",32.1,1025.2,10,7.1,11.1,62.1,39.9
"330","ATLANTA 2.3 NE, GA US",2020-11-25,0,"sun",46.2,1022.6,9.6,9,22,72,39.9
"331","ATLANTA 2.3 NE, GA US",2020-11-26,0.93,"rain",59.3,1018.1,7.3,5.7,12,73.9,48
"332","ATLANTA 2.3 NE, GA US",2020-11-27,0,"sun",43.1,1019.2,10,3.6,8,73.9,46
"333","ATLANTA 2.3 NE, GA US",2020-11-28,0.06,"rain",47,1017.8,9.6,5.1,11.1,72,46
"334","ATLANTA 2.3 NE, GA US",2020-11-29,0,"sun",49.7,1017.7,5.5,5.9,11.1,68,51.1
"335","ATLANTA 2.3 NE, GA US",2020-11-30,1.35,"rain",43.5,1008.9,6.8,13,25.1,55.9,37
"336","ATLANTA 2.3 NE, GA US",2020-12-01,0.02,"rain",23.2,1019,9.9,13.1,19,55.9,28.9
"337","ATLANTA 2.3 NE, GA US",2020-12-02,0,"sun",20.6,1025.7,10,7.3,12,54,28
"338","ATLANTA 2.3 NE, GA US",2020-12-03,0,"sun",25.5,1026.5,10,3.9,8.9,57,28
"339","ATLANTA 2.3 NE, GA US",2020-12-04,0,"sun",40.9,1020.8,9.3,6.3,15.9,60.1,32
"340","ATLANTA 2.3 NE, GA US",2020-12-05,0.28,"rain",35,1018.9,10,11.1,19,60.1,37
"341","ATLANTA 2.3 NE, GA US",2020-12-06,0,"sun",36.6,1016.7,10,3.8,7,57.9,37
"342","ATLANTA 2.3 NE, GA US",2020-12-07,0.03,"rain",39,1011.7,9.2,9.1,21,57.9,37
"343","ATLANTA 2.3 NE, GA US",2020-12-08,0,"sun",23.8,1018,10,12.3,17.1,48.9,30.9
"344","ATLANTA 2.3 NE, GA US",2020-12-09,0,"sun",30,1019.7,10,7.1,11.1,62.1,30
"345","ATLANTA 2.3 NE, GA US",2020-12-10,0,"sun",37.1,1019.2,10,2.3,5.1,69.1,30
"346","ATLANTA 2.3 NE, GA US",2020-12-11,0,"sun",39.3,1020.7,10,2.8,6,69.1,39.9
"347","ATLANTA 2.3 NE, GA US",2020-12-12,0,"sun",46.2,1018.2,10,5.6,12,66.9,41
"348","ATLANTA 2.3 NE, GA US",2020-12-13,0.05,"rain",52.4,1017.5,8.7,4.2,7,68,51.1
"349","ATLANTA 2.3 NE, GA US",2020-12-14,0.28,"rain",48.5,1013.9,9.1,13.9,27,68,43
"350","ATLANTA 2.3 NE, GA US",2020-12-15,0.02,"rain",32.1,1020.8,10,9.4,15,66,35.1
"351","ATLANTA 2.3 NE, GA US",2020-12-16,0.11,"rain",37.7,1015.8,6.6,8.5,15.9,51.1,35.1
"352","ATLANTA 2.3 NE, GA US",2020-12-17,0.01,"rain",32.8,1017.7,9.8,9.4,14,44.1,35.1
"353","ATLANTA 2.3 NE, GA US",2020-12-18,0,"sun",23.8,1026.9,10,7.7,11.1,53.1,30
"354","ATLANTA 2.3 NE, GA US",2020-12-19,0,"sun",28.3,1027.8,10,5.3,8.9,53.1,30
"355","ATLANTA 2.3 NE, GA US",2020-12-20,0,"sun",37.4,1019.3,10,4.5,8.9,55.9,30
"356","ATLANTA 2.3 NE, GA US",2020-12-21,0,"sun",40.6,1016.3,9.6,6.7,12,60.1,41
"357","ATLANTA 2.3 NE, GA US",2020-12-22,0,"sun",30.8,1021.6,10,9.3,18.1,62.1,41
"358","ATLANTA 2.3 NE, GA US",2020-12-23,0,"sun",28.8,1024,10,5.4,11.1,62.1,37
"359","ATLANTA 2.3 NE, GA US",2020-12-24,0.11,"rain",45.9,1015.1,8.1,8.7,22.9,60.1,34
"360","ATLANTA 2.3 NE, GA US",2020-12-25,1.17,"snow",13.2,1015.5,10,13.2,22,35.1,25
"361","ATLANTA 2.3 NE, GA US",2020-12-26,0,"sun",9.2,1022.6,10,7.1,11.1,48,21.9
"362","ATLANTA 2.3 NE, GA US",2020-12-27,0,"sun",21.5,1022.7,10,3.6,8,57.9,21.9
"363","ATLANTA 2.3 NE, GA US",2020-12-28,0,"sun",32.5,1025.3,10,3.7,8.9,61,28.9
"364","ATLANTA 2.3 NE, GA US",2020-12-29,0,"sun",40.4,1027.9,9.5,4.8,7,66,33.1
"365","ATLANTA 2.3 NE, GA US",2020-12-30,0,"sun",42.4,1026.4,9.5,7.9,13,66,39
"366","ATLANTA 2.3 NE, GA US",2020-12-31,0.01,"rain",45.4,1020.5,4.8,6.2,11.1,55.9,44.1
"367","ATLANTA 2.3 NE, GA US",2021-01-01,0.04,"rain",58.7,1017.8,2.2,8.4,12,68,44.1
"368","ATLANTA 2.3 NE, GA US",2021-01-02,1.09,"rain",55.7,1016.1,9.9,5,8.9,68,54
"369","ATLANTA 2.3 NE, GA US",2021-01-03,0.02,"rain",40.1,1016.5,10,9.4,18.1,64,41
"370","ATLANTA 2.3 NE, GA US",2021-01-04,0,"sun",32,1018.6,10,5.8,8.9,59,34
"371","ATLANTA 2.3 NE, GA US",2021-01-05,0,"sun",36,1016.1,10,8.6,15.9,59,34
"372","ATLANTA 2.3 NE, GA US",2021-01-06,0,"sun",28.7,1021.3,10,5.3,11.1,57.9,32
"373","ATLANTA 2.3 NE, GA US",2021-01-07,0.55,"rain",30.1,1020.1,9.6,7,19,55.9,32
"374","ATLANTA 2.3 NE, GA US",2021-01-08,0.35,"rain",37,1013.7,6.8,9.9,18.1,46,36
"375","ATLANTA 2.3 NE, GA US",2021-01-09,0.05,"rain",29.7,1019.4,10,14,18.1,42.1,35.1
"376","ATLANTA 2.3 NE, GA US",2021-01-10,0,"sun",25.3,1025,10,6.3,12,48,28
"377","ATLANTA 2.3 NE, GA US",2021-01-11,0,"sun",34.2,1024.4,8.7,4.8,9.9,48,28
"378","ATLANTA 2.3 NE, GA US",2021-01-12,0.44,"rain",37.9,1023.5,5.7,8.1,12,45,39.9
"379","ATLANTA 2.3 NE, GA US",2021-01-13,0,"sun",28.6,1021.1,8.3,7.2,9.9,50,30
"380","ATLANTA 2.3 NE, GA US",2021-01-14,0,"sun",28.3,1014.9,10,6,11.1,57,30
"381","ATLANTA 2.3 NE, GA US",2021-01-15,0,"sun",30.6,1008,10,7.9,15,57,30
"382","ATLANTA 2.3 NE, GA US",2021-01-16,0,"sun",19.4,1009.4,10,9.8,17.1,55.9,32
"383","ATLANTA 2.3 NE, GA US",2021-01-17,0,"sun",25.1,1014.6,10,5.2,11.1,51.1,32
"384","ATLANTA 2.3 NE, GA US",2021-01-18,0,"sun",25,1016.7,10,8.3,15.9,55,32
"385","ATLANTA 2.3 NE, GA US",2021-01-19,0,"sun",24.7,1025.3,10,4.4,13,60.1,34
"386","ATLANTA 2.3 NE, GA US",2021-01-20,0,"sun",34.4,1025,10,9.4,14,60.1,34
"387","ATLANTA 2.3 NE, GA US",2021-01-21,0.03,"rain",37.6,1018.2,8.3,6.8,11.1,55.9,42.1
"388","ATLANTA 2.3 NE, GA US",2021-01-22,0.11,"rain",42,1014.8,9.5,5.9,9.9,59,42.1
"389","ATLANTA 2.3 NE, GA US",2021-01-23,0.01,"rain",27.2,1020,10,6.1,9.9,63,35.1
"390","ATLANTA 2.3 NE, GA US",2021-01-24,0.04,"rain",31.2,1022.5,10,5.7,8.9,63,35.1
"391","ATLANTA 2.3 NE, GA US",2021-01-25,0.84,"rain",47.4,1015.7,8.3,5.6,8,64.9,39
"392","ATLANTA 2.3 NE, GA US",2021-01-26,0.81,"rain",56.8,1011.2,9.5,8.4,15.9,69.1,48
"393","ATLANTA 2.3 NE, GA US",2021-01-27,0.75,"rain",50.7,1015.4,8.9,5,18.1,69.1,51.1
"394","ATLANTA 2.3 NE, GA US",2021-01-28,0.2,"rain",29.2,1025.8,9.7,16.3,21,60.1,36
"395","ATLANTA 2.3 NE, GA US",2021-01-29,0,"sun",18.5,1028,10,7.8,13,53.1,28.9
"396","ATLANTA 2.3 NE, GA US",2021-01-30,0,"sun",27.2,1024.6,10,5.1,9.9,53.1,28.9
"397","ATLANTA 2.3 NE, GA US",2021-01-31,0.25,"rain",37.1,1015.3,5.3,8.2,14,52,33.1
"398","ATLANTA 2.3 NE, GA US",2021-02-01,0.18,"rain",33.4,1012.3,7.8,15.1,22.9,46.9,36
"399","ATLANTA 2.3 NE, GA US",2021-02-02,0,"sun",21.1,1015.4,10,17.1,21,46.9,33.1
"400","ATLANTA 2.3 NE, GA US",2021-02-03,0,"sun",18.7,1017.7,10,12,15,51.1,28.9
"401","ATLANTA 2.3 NE, GA US",2021-02-04,0,"sun",21.1,1017.6,10,4.5,8.9,54,28.9
"402","ATLANTA 2.3 NE, GA US",2021-02-05,0.1,"drizzle",33.2,1011.7,9.6,9.6,14,55,46
"403","ATLANTA 2.3 NE, GA US",2021-02-06,0,"sun",23,1017.3,9.4,6.4,15,55,36
"404","ATLANTA 2.3 NE, GA US",2021-02-07,0,"sun",35.4,1015.2,8.2,10.1,15,53.1,36
"405","ATLANTA 2.3 NE, GA US",2021-02-08,0,"sun",33.3,1022.9,10,5.9,9.9,60.1,34
"406","ATLANTA 2.3 NE, GA US",2021-02-09,0.01,"rain",46,1021.1,8.9,4.2,7,64.9,50
"407","ATLANTA 2.3 NE, GA US",2021-02-10,0,"sun",48,1020.8,10,2.5,8,69.1,46
"408","ATLANTA 2.3 NE, GA US",2021-02-11,0,"sun",55.2,1017.4,5.1,2.8,6,69.1,46
"409","ATLANTA 2.3 NE, GA US",2021-02-12,0.59,"rain",51.3,1016.3,3.6,5.6,15.9,61,43
"410","ATLANTA 2.3 NE, GA US",2021-02-13,0.43,"rain",39.1,1016.4,3.9,8.9,13,45,39.9
"411","ATLANTA 2.3 NE, GA US",2021-02-14,0.09,"rain",41.1,1016.8,6.7,7.5,9.9,48,39
"412","ATLANTA 2.3 NE, GA US",2021-02-15,0.04,"rain",42.3,1015.4,1.8,9.5,15,48,43
"413","ATLANTA 2.3 NE, GA US",2021-02-16,0.71,"rain",30.6,1014.4,8.4,9.4,14,50,26.1
"414","ATLANTA 2.3 NE, GA US",2021-02-17,0.02,"rain",19.1,1022.1,10,7.1,11.1,53.1,23
"415","ATLANTA 2.3 NE, GA US",2021-02-18,0.76,"rain",37.1,1018.1,6,9.1,13,50,39
"416","ATLANTA 2.3 NE, GA US",2021-02-19,0.09,"rain",35.2,1020.3,6.3,11,17.1,48.9,36
"417","ATLANTA 2.3 NE, GA US",2021-02-20,0.04,"rain",19.7,1027.5,10,8.5,13,53.1,28
"418","ATLANTA 2.3 NE, GA US",2021-02-21,0,"sun",22.1,1029.4,10,6.2,13,61,34
"419","ATLANTA 2.3 NE, GA US",2021-02-22,0,"sun",43.1,1020.7,9.2,8.9,15,64.9,33.1
"420","ATLANTA 2.3 NE, GA US",2021-02-23,0,"sun",28.3,1018.1,10,8.6,13,71.1,39.9
"421","ATLANTA 2.3 NE, GA US",2021-02-24,0,"sun",31,1019.2,10,5.3,14,73,39.9
"422","ATLANTA 2.3 NE, GA US",2021-02-25,0,"sun",36.1,1019.8,10,6.3,9.9,75,42.1
"423","ATLANTA 2.3 NE, GA US",2021-02-26,0.11,"rain",41.4,1020.4,8.6,7.4,15,75,51.1
"424","ATLANTA 2.3 NE, GA US",2021-02-27,0.12,"rain",49.3,1021.5,5.2,6.5,11.1,69.1,46.9
"425","ATLANTA 2.3 NE, GA US",2021-02-28,0,"sun",56.2,1020.1,8.2,7.3,15,79,46.9
"426","ATLANTA 2.3 NE, GA US",2021-03-01,0,"sun",57.1,1016.2,9.7,8.7,18.1,79,53.1
"427","ATLANTA 2.3 NE, GA US",2021-03-02,0,"sun",31.8,1021.6,10,9.6,15,53.1,44.1
"428","ATLANTA 2.3 NE, GA US",2021-03-03,0.31,"rain",34.3,1018,9.2,9.6,13,64.9,39
"429","ATLANTA 2.3 NE, GA US",2021-03-04,0,"sun",29.5,1017.8,10,9.4,15,70,39
"430","ATLANTA 2.3 NE, GA US",2021-03-05,0,"sun",27.1,1017.7,10,7.7,13,70,42.1
"431","ATLANTA 2.3 NE, GA US",2021-03-06,0,"sun",22.4,1020.3,10,8.6,14,66.9,42.1
"432","ATLANTA 2.3 NE, GA US",2021-03-07,0,"sun",19.9,1025.8,10,6.6,11.1,61,35.1
"433","ATLANTA 2.3 NE, GA US",2021-03-08,0,"sun",21.1,1032,10,4.6,13,70,35.1
"434","ATLANTA 2.3 NE, GA US",2021-03-09,0,"sun",24.7,1032.7,9.7,4.3,8.9,70,37
"435","ATLANTA 2.3 NE, GA US",2021-03-10,0,"sun",32.2,1030.1,9.7,4.5,12,73.9,39.9
"436","ATLANTA 2.3 NE, GA US",2021-03-11,0,"sun",42.1,1028.6,10,5.1,8.9,73.9,46
"437","ATLANTA 2.3 NE, GA US",2021-03-12,0,"sun",46.4,1027.1,9.7,4.4,9.9,79,52
"438","ATLANTA 2.3 NE, GA US",2021-03-13,0,"sun",51.5,1024.3,10,4.5,8,80.1,52
"439","ATLANTA 2.3 NE, GA US",2021-03-14,0,"sun",50.5,1020.7,10,5.4,9.9,81,55.9
"440","ATLANTA 2.3 NE, GA US",2021-03-15,0,"sun",50.7,1018.7,9.8,8.9,15.9,81,55.9
"441","ATLANTA 2.3 NE, GA US",2021-03-16,0.06,"rain",49.7,1017.4,4.9,9.9,15.9,70,46.9
"442","ATLANTA 2.3 NE, GA US",2021-03-17,0.42,"rain",50.6,1016.4,1,6.1,12,63,46.9
"443","ATLANTA 2.3 NE, GA US",2021-03-18,0.67,"rain",55.5,1008.8,6.1,11.3,22,73.9,48.9
"444","ATLANTA 2.3 NE, GA US",2021-03-19,0.59,"rain",40.1,1014.6,10,11.6,20,73.9,45
"445","ATLANTA 2.3 NE, GA US",2021-03-20,0,"sun",28.4,1026.6,10,13.8,20,60.1,41
"446","ATLANTA 2.3 NE, GA US",2021-03-21,0,"sun",33.9,1026.2,10,11.6,15,66.9,41
"447","ATLANTA 2.3 NE, GA US",2021-03-22,0,"sun",41,1022.1,10,9.8,17.1,71.1,46.9
"448","ATLANTA 2.3 NE, GA US",2021-03-23,0,"sun",45.5,1017.7,10,7.9,12,71.1,52
"449","ATLANTA 2.3 NE, GA US",2021-03-24,0,"sun",54,1014.6,9.9,6.2,19,75,55.9
"450","ATLANTA 2.3 NE, GA US",2021-03-25,0.15,"rain",59.1,1013.9,9.6,8.2,15.9,77,60.1
"451","ATLANTA 2.3 NE, GA US",2021-03-26,1.43,"rain",60,1015.9,9.2,7.4,20,77,62.1
"452","ATLANTA 2.3 NE, GA US",2021-03-27,0,"sun",62,1018.8,8.8,6,14,82,64
"453","ATLANTA 2.3 NE, GA US",2021-03-28,0,"sun",58.9,1014.7,9.9,9.7,17.1,82,61
"454","ATLANTA 2.3 NE, GA US",2021-03-29,0.19,"rain",30.3,1021.6,10,7.8,18.1,73,41
"455","ATLANTA 2.3 NE, GA US",2021-03-30,0,"sun",44.6,1022.5,10,6.2,12,75,41
"456","ATLANTA 2.3 NE, GA US",2021-03-31,0.19,"rain",60,1018.5,8.5,6.3,12,75,48.9
"457","ATLANTA 2.3 NE, GA US",2021-04-01,NA,"sun",27.1,1022.6,9.9,17.3,24.1,71.1,39.9
"458","ATLANTA 2.3 NE, GA US",2021-04-02,0,"sun",18.3,1028.1,10,9.8,17.1,57,33.1
"459","ATLANTA 2.3 NE, GA US",2021-04-03,0,"sun",22.9,1029.8,10,3.6,8.9,64,33.1
"460","ATLANTA 2.3 NE, GA US",2021-04-04,0,"sun",29,1026.5,10,4.1,8,73,35.1
"461","ATLANTA 2.3 NE, GA US",2021-04-05,0,"sun",33.2,1021.1,10,4.8,7,78.1,39.9
"462","ATLANTA 2.3 NE, GA US",2021-04-06,0,"sun",38.5,1018.5,10,5.4,9.9,80.1,48.9
"463","ATLANTA 2.3 NE, GA US",2021-04-07,0,"sun",47.3,1017,10,4.7,9.9,81,51.1
"464","ATLANTA 2.3 NE, GA US",2021-04-08,0,"sun",54.4,1012.2,10,7.3,15.9,81,57
"465","ATLANTA 2.3 NE, GA US",2021-04-09,0,"sun",59.2,1012.9,9.8,7.3,14,78.1,61
"466","ATLANTA 2.3 NE, GA US",2021-04-10,0,"sun",58.9,1009.3,7.8,7.6,13,75.9,62.1
"467","ATLANTA 2.3 NE, GA US",2021-04-11,0.28,"rain",51.7,1005.1,10,6.1,9.9,75,57
"468","ATLANTA 2.3 NE, GA US",2021-04-12,0,"sun",41.8,1008.8,10,9.5,18.1,82.9,52
"469","ATLANTA 2.3 NE, GA US",2021-04-13,0,"sun",44.5,1015.7,10,5,8.9,86,52
"470","ATLANTA 2.3 NE, GA US",2021-04-14,0,"sun",46.9,1016.9,10,5.1,19,86,57.9
"471","ATLANTA 2.3 NE, GA US",2021-04-15,0.03,"rain",52.2,1012.9,9.7,8.8,15,81,57.9
"472","ATLANTA 2.3 NE, GA US",2021-04-16,0,"sun",36.2,1012.2,10,7,13,71.1,50
"473","ATLANTA 2.3 NE, GA US",2021-04-17,0,"sun",43.3,1010.8,10,4.5,11.1,72,50
"474","ATLANTA 2.3 NE, GA US",2021-04-18,0,"sun",41.9,1011.9,10,6.3,11.1,73,52
"475","ATLANTA 2.3 NE, GA US",2021-04-19,0,"sun",41.1,1012.9,10,9.3,15.9,73,50
"476","ATLANTA 2.3 NE, GA US",2021-04-20,0,"sun",41.7,1015,9.9,3.8,8.9,75,50
"477","ATLANTA 2.3 NE, GA US",2021-04-21,0,"sun",39,1014.9,10,11.6,22,75,52
"478","ATLANTA 2.3 NE, GA US",2021-04-22,0,"sun",24.8,1022.1,10,8.3,14,64,37.9
"479","ATLANTA 2.3 NE, GA US",2021-04-23,0,"sun",33.8,1021.4,10,4.6,8,70,37.9
"480","ATLANTA 2.3 NE, GA US",2021-04-24,0.13,"rain",49.5,1012.6,7.6,7.4,24.1,78.1,45
"481","ATLANTA 2.3 NE, GA US",2021-04-25,2.02,"rain",51.1,1011.8,9.5,12.4,17.1,78.1,54
"482","ATLANTA 2.3 NE, GA US",2021-04-26,0,"sun",47,1018.2,10,7,12,78.1,52
"483","ATLANTA 2.3 NE, GA US",2021-04-27,0,"sun",55.3,1020,10,5.4,8.9,81,52
"484","ATLANTA 2.3 NE, GA US",2021-04-28,0,"sun",58.9,1018.8,10,5.5,12,82,59
"485","ATLANTA 2.3 NE, GA US",2021-04-29,0,"sun",60.1,1016,10,7,13,82,64.9
"486","ATLANTA 2.3 NE, GA US",2021-04-30,0.02,"rain",56.7,1016.3,9.7,10,15,78.1,64
"487","ATLANTA 2.3 NE, GA US",2021-05-01,0,"sun",45.1,1017.6,10,7,9.9,78.1,55
"488","ATLANTA 2.3 NE, GA US",2021-05-02,0,"sun",53.9,1014.6,10,5.7,12,81,55
"489","ATLANTA 2.3 NE, GA US",2021-05-03,0,"sun",64.1,1010.5,8.7,6.6,15.9,81,62.1
"490","ATLANTA 2.3 NE, GA US",2021-05-04,2.09,"rain",63.6,1012.5,9.2,8.1,19,79,64
"491","ATLANTA 2.3 NE, GA US",2021-05-05,1.81,"rain",60.9,1013.9,8.9,8.8,13,78.1,62.1
"492","ATLANTA 2.3 NE, GA US",2021-05-06,0,"sun",47.2,1017.1,10,10.3,15,78.1,51.1
"493","ATLANTA 2.3 NE, GA US",2021-05-07,0,"sun",40.6,1017.3,10,11.6,22,72,50
"494","ATLANTA 2.3 NE, GA US",2021-05-08,0,"sun",39.8,1019.1,10,6.2,12,77,50
"495","ATLANTA 2.3 NE, GA US",2021-05-09,0,"sun",49.1,1016.7,10,7.4,18.1,82.9,51.1
"496","ATLANTA 2.3 NE, GA US",2021-05-10,0.62,"rain",60,1014.7,9,7.5,19,82.9,55.9
"497","ATLANTA 2.3 NE, GA US",2021-05-11,0.02,"rain",60.6,1017.5,10,5.8,9.9,78.1,63
"498","ATLANTA 2.3 NE, GA US",2021-05-12,0.19,"rain",55.1,1018.9,7.7,8.6,18.1,78.1,53.1
"499","ATLANTA 2.3 NE, GA US",2021-05-13,0,"sun",41.6,1023.9,10,7.9,13,70,48
"500","ATLANTA 2.3 NE, GA US",2021-05-14,0,"sun",42.8,1023.8,10,3,8,73.9,48
"501","ATLANTA 2.3 NE, GA US",2021-05-15,0,"sun",45.5,1023.7,10,2.7,8,75.9,52
"502","ATLANTA 2.3 NE, GA US",2021-05-16,0,"sun",47.5,1023.1,10,3.9,8.9,79,53.1
"503","ATLANTA 2.3 NE, GA US",2021-05-17,0,"sun",50.9,1022.1,10,5.3,11.1,79,55.9
"504","ATLANTA 2.3 NE, GA US",2021-05-18,0,"sun",56.4,1022.7,10,8.2,13,79,59
"505","ATLANTA 2.3 NE, GA US",2021-05-19,0,"sun",57.6,1024.2,10,10.3,15,81,63
"506","ATLANTA 2.3 NE, GA US",2021-05-20,0,"sun",57,1026,10,9.4,15.9,81,62.1
"507","ATLANTA 2.3 NE, GA US",2021-05-21,0,"sun",53.6,1028.3,10,7.5,12,84,59
"508","ATLANTA 2.3 NE, GA US",2021-05-22,0,"sun",54.8,1028.2,10,5.8,11.1,84,59
"509","ATLANTA 2.3 NE, GA US",2021-05-23,0,"sun",55.3,1023.5,10,4.7,11.1,90,64
"510","ATLANTA 2.3 NE, GA US",2021-05-24,0,"sun",57.4,1020.6,10,5.6,8.9,91,64.9
"511","ATLANTA 2.3 NE, GA US",2021-05-25,0,"sun",60.8,1020.8,9.9,4.2,8.9,91,66.9
"512","ATLANTA 2.3 NE, GA US",2021-05-26,0,"sun",59,1020.9,10,5.4,12,91,69.1
"513","ATLANTA 2.3 NE, GA US",2021-05-27,0,"sun",60.2,1018.2,10,6.3,11.1,88,69.1
"514","ATLANTA 2.3 NE, GA US",2021-05-28,0.01,"drizzle",67.2,1014,10,7.8,13,87.1,69.1
"515","ATLANTA 2.3 NE, GA US",2021-05-29,0.07,"rain",59.9,1011.5,9,9.6,20,84,64.9
"516","ATLANTA 2.3 NE, GA US",2021-05-30,0,"sun",49.9,1017.5,10,9,15.9,77,54
"517","ATLANTA 2.3 NE, GA US",2021-05-31,0,"sun",52.1,1023.7,10,6.7,11.1,80.1,54
"518","ATLANTA 2.3 NE, GA US",2021-06-01,0,"sun",54.2,1023.5,10,6.1,8.9,82,59
"519","ATLANTA 2.3 NE, GA US",2021-06-02,0,"sun",58.2,1019.3,10,6.2,9.9,82,61
"520","ATLANTA 2.3 NE, GA US",2021-06-03,0,"sun",60.6,1016.2,10,6.7,12,87.1,64
"521","ATLANTA 2.3 NE, GA US",2021-06-04,0,"sun",64.2,1016.5,10,3.7,8,87.1,68
"522","ATLANTA 2.3 NE, GA US",2021-06-05,0,"sun",66.9,1017.1,9.4,3.7,13,87.1,68
"523","ATLANTA 2.3 NE, GA US",2021-06-06,0.11,"rain",68.8,1017.6,9.9,3.4,8.9,87.1,72
"524","ATLANTA 2.3 NE, GA US",2021-06-07,0.29,"rain",69.2,1018.2,9.5,6.5,9.9,87.1,71.1
"525","ATLANTA 2.3 NE, GA US",2021-06-08,0.35,"rain",69.6,1020.1,9.7,6,19,87.1,71.1
"526","ATLANTA 2.3 NE, GA US",2021-06-09,0.18,"rain",68.1,1019.9,9.5,5.5,19,87.1,70
"527","ATLANTA 2.3 NE, GA US",2021-06-10,0.08,"rain",68.5,1016.3,9.5,5.8,18.1,82.9,69.8
"528","ATLANTA 2.3 NE, GA US",2021-06-11,0.08,"rain",70.1,1012.9,9.3,6.4,17.1,84.9,70
"529","ATLANTA 2.3 NE, GA US",2021-06-12,0.54,"rain",70.1,1009.9,9.2,8.9,15,89.1,72
"530","ATLANTA 2.3 NE, GA US",2021-06-13,0,"sun",67.4,1011.1,10,6.1,12,89.1,71.1
"531","ATLANTA 2.3 NE, GA US",2021-06-14,0,"sun",68.6,1012.1,10,3.9,11.1,91.9,71.1
"532","ATLANTA 2.3 NE, GA US",2021-06-15,0.03,"rain",64.1,1012,10,8.8,15.9,91.9,71.1
"533","ATLANTA 2.3 NE, GA US",2021-06-16,0,"sun",54.7,1014.4,10,7,12,90,64
"534","ATLANTA 2.3 NE, GA US",2021-06-17,0,"sun",54.2,1016.1,10,5.9,11.1,89.1,64
"535","ATLANTA 2.3 NE, GA US",2021-06-18,0,"sun",59,1017.4,10,4.1,9.9,90,64.9
"536","ATLANTA 2.3 NE, GA US",2021-06-19,0,"sun",66.7,1016.8,8.5,5.8,13,90,69.1
"537","ATLANTA 2.3 NE, GA US",2021-06-20,1.99,"rain",69.5,1010.3,6.7,9.3,19,82.9,69.8
"538","ATLANTA 2.3 NE, GA US",2021-06-21,0.06,"rain",70.7,1012.5,9.9,8.3,22,86,70
"539","ATLANTA 2.3 NE, GA US",2021-06-22,0.3,"rain",67.6,1013,9.1,7.7,15.9,86,70
"540","ATLANTA 2.3 NE, GA US",2021-06-23,0.11,"rain",58.7,1017.8,10,4.5,11.1,84,62.1
"541","ATLANTA 2.3 NE, GA US",2021-06-24,0,"sun",63.6,1021.4,10,8.9,12,84,62.1
"542","ATLANTA 2.3 NE, GA US",2021-06-25,0,"sun",62.7,1022.3,10,6.1,8,82.9,66
"543","ATLANTA 2.3 NE, GA US",2021-06-26,0,"sun",63,1020.8,10,6.2,15.9,86,66
"544","ATLANTA 2.3 NE, GA US",2021-06-27,0,"sun",69.6,1020.4,9.6,5.3,8.9,87.1,66.9
"545","ATLANTA 2.3 NE, GA US",2021-06-28,0.07,"rain",67.9,1021.5,10,5.2,9.9,89.1,72
"546","ATLANTA 2.3 NE, GA US",2021-06-29,0.13,"rain",67.7,1021.7,9.6,7.6,17.1,89.1,73
"547","ATLANTA 2.3 NE, GA US",2021-06-30,0,"sun",67.9,1021.6,9.9,4.5,8,89.1,71.1
"548","ATLANTA 2.3 NE, GA US",2021-07-01,0,"sun",67.3,1017.6,10,5.7,11.1,89.1,70
"549","ATLANTA 2.3 NE, GA US",2021-07-02,0,"sun",70.4,1012.2,8.9,6.1,9.9,87.1,70
"550","ATLANTA 2.3 NE, GA US",2021-07-03,0.23,"rain",63.4,1012.3,10,6,9.9,84,66.9
"551","ATLANTA 2.3 NE, GA US",2021-07-04,0,"sun",59.2,1014.9,10,3.8,8.9,87.1,64.9
"552","ATLANTA 2.3 NE, GA US",2021-07-05,0,"sun",62.2,1016.8,7.4,4.1,8,88,64.9
"553","ATLANTA 2.3 NE, GA US",2021-07-06,0,"sun",65.4,1018.8,10,6.1,9.9,88,69.1
"554","ATLANTA 2.3 NE, GA US",2021-07-07,0.24,"rain",68.3,1017.4,9.6,6,15,86,71.1
"555","ATLANTA 2.3 NE, GA US",2021-07-08,0.3,"rain",69,1014.6,9.9,5.9,11.1,86,71.1
"556","ATLANTA 2.3 NE, GA US",2021-07-09,0.43,"rain",70.5,1017.5,9.5,8.4,22.9,89.1,71.1
"557","ATLANTA 2.3 NE, GA US",2021-07-10,0.6,"rain",69.9,1018.6,9.8,6,11.1,89.1,71.1
"558","ATLANTA 2.3 NE, GA US",2021-07-11,0.34,"rain",69.7,1017.2,9.5,6.5,13,88,71.1
"559","ATLANTA 2.3 NE, GA US",2021-07-12,0.01,"rain",69.1,1020.3,9.3,5.1,20,86,71.1
"560","ATLANTA 2.3 NE, GA US",2021-07-13,0.02,"rain",67.5,1023.7,7,5.1,20,84,69.1
"561","ATLANTA 2.3 NE, GA US",2021-07-14,0,"sun",69,1024.1,10,3.6,9.9,88,69.1
"562","ATLANTA 2.3 NE, GA US",2021-07-15,0,"sun",68.7,1022.2,10,4.4,9.9,90,71.1
"563","ATLANTA 2.3 NE, GA US",2021-07-16,0,"sun",69.9,1019.7,10,5.1,8,90,72
"564","ATLANTA 2.3 NE, GA US",2021-07-17,0.55,"rain",69,1020.1,10,5,13,89.1,71.1
"565","ATLANTA 2.3 NE, GA US",2021-07-18,0.08,"rain",68,1020.4,10,3.9,12,88,71.1
"566","ATLANTA 2.3 NE, GA US",2021-07-19,0.13,"rain",70.4,1017.7,8.9,4.5,9.9,81,71.6
"567","ATLANTA 2.3 NE, GA US",2021-07-20,0.76,"rain",70.3,1014.8,7.9,4.2,12,82.9,71.1
"568","ATLANTA 2.3 NE, GA US",2021-07-21,0.21,"rain",69.6,1016.3,10,4.3,7,88,71.1
"569","ATLANTA 2.3 NE, GA US",2021-07-22,0.05,"rain",70.1,1018.7,9.5,5.3,11.1,90,72
"570","ATLANTA 2.3 NE, GA US",2021-07-23,0,"sun",70.1,1018.8,6.7,4.3,9.9,91,72
"571","ATLANTA 2.3 NE, GA US",2021-07-24,0.91,"rain",71.3,1017.9,8.2,2.5,7,91,73
"572","ATLANTA 2.3 NE, GA US",2021-07-25,0.02,"rain",71.5,1016.2,8,4.4,8.9,90,73
"573","ATLANTA 2.3 NE, GA US",2021-07-26,0.68,"rain",72.4,1014.7,9,4.2,8.9,93,75
"574","ATLANTA 2.3 NE, GA US",2021-07-27,0.06,"rain",71.4,1015.3,10,4.7,12,93,73.9
"575","ATLANTA 2.3 NE, GA US",2021-07-28,0.2,"rain",71,1015.6,9.4,5.1,11.1,95,73
"576","ATLANTA 2.3 NE, GA US",2021-07-29,0,"sun",72.2,1016,9.7,4.4,9.9,95,73
"577","ATLANTA 2.3 NE, GA US",2021-07-30,0,"sun",71.8,1015.4,9.2,7,11.1,93.9,75
"578","ATLANTA 2.3 NE, GA US",2021-07-31,0,"sun",71.2,1014.9,10,6.8,12,93,75
"579","ATLANTA 2.3 NE, GA US",2021-08-01,0.61,"rain",70.9,1014,10,8.9,15,93,73.9
"580","ATLANTA 2.3 NE, GA US",2021-08-02,0,"sun",64.8,1015,9.1,6.7,9.9,90,72
"581","ATLANTA 2.3 NE, GA US",2021-08-03,0.03,"rain",67.3,1014.6,8.3,6.7,21,82.9,70
"582","ATLANTA 2.3 NE, GA US",2021-08-04,0.1,"rain",65.4,1015.7,9.5,6.4,11.1,84,69.8
"583","ATLANTA 2.3 NE, GA US",2021-08-05,0,"sun",64.2,1018.3,9.9,7,12,86,69.1
"584","ATLANTA 2.3 NE, GA US",2021-08-06,0,"sun",65,1019.4,10,5.5,11.1,86,69.1
"585","ATLANTA 2.3 NE, GA US",2021-08-07,0,"sun",67.2,1018.4,10,4.5,12,88,71.1
"586","ATLANTA 2.3 NE, GA US",2021-08-08,0.02,"rain",66.6,1018.2,10,2.1,7,89.1,69.1
"587","ATLANTA 2.3 NE, GA US",2021-08-09,0,"sun",69.7,1019.3,9.6,3.2,11.1,89.1,69.1
"588","ATLANTA 2.3 NE, GA US",2021-08-10,0,"sun",71,1021,9.7,3.6,8.9,91,73
"589","ATLANTA 2.3 NE, GA US",2021-08-11,0,"sun",70.1,1020.7,10,4.6,9.9,91,73
"590","ATLANTA 2.3 NE, GA US",2021-08-12,0.32,"rain",69.7,1020.5,10,3.8,7,91,72
"591","ATLANTA 2.3 NE, GA US",2021-08-13,0.09,"rain",69.1,1020.2,9.7,4.1,19,91.9,72
"592","ATLANTA 2.3 NE, GA US",2021-08-14,0.03,"rain",70.1,1019.7,9.9,3.8,21,93.9,72
"593","ATLANTA 2.3 NE, GA US",2021-08-15,0,"sun",69.4,1018.6,9,5.7,12,93.9,72
"594","ATLANTA 2.3 NE, GA US",2021-08-16,0,"sun",70.5,1016.8,9.4,6.7,20,87.1,72
"595","ATLANTA 2.3 NE, GA US",2021-08-17,1.26,"rain",70.8,1013,6.2,11.9,18.1,78.1,71.6
"596","ATLANTA 2.3 NE, GA US",2021-08-18,1.27,"rain",68.8,1018.6,10,1.9,8.9,91.9,70
"597","ATLANTA 2.3 NE, GA US",2021-08-19,0,"sun",72,1019.3,10,5.1,25.1,91.9,70
"598","ATLANTA 2.3 NE, GA US",2021-08-20,0.12,"rain",70.7,1014.9,10,6.2,11.1,91,72
"599","ATLANTA 2.3 NE, GA US",2021-08-21,0.03,"rain",72,1012.6,9.1,6.5,8.9,89.1,72
"600","ATLANTA 2.3 NE, GA US",2021-08-22,0.13,"rain",72.6,1013.1,9.4,7.8,20,86,73.4
"601","ATLANTA 2.3 NE, GA US",2021-08-23,0.03,"rain",71.6,1013.9,9.6,4.8,9.9,91,73.4
"602","ATLANTA 2.3 NE, GA US",2021-08-24,0,"sun",70,1015.9,10,3.7,8.9,93,73.9
"603","ATLANTA 2.3 NE, GA US",2021-08-25,0,"sun",71.6,1017.7,9.7,3.8,8.9,93,77
"604","ATLANTA 2.3 NE, GA US",2021-08-26,0.22,"rain",70.1,1020,7.6,4.7,15,88,71.6
"605","ATLANTA 2.3 NE, GA US",2021-08-27,0,"sun",70.3,1019.5,9.9,6.2,11.1,90,72
"606","ATLANTA 2.3 NE, GA US",2021-08-28,0,"sun",70.5,1020.8,9.3,6.9,9.9,90,73.9
"607","ATLANTA 2.3 NE, GA US",2021-08-29,0,"sun",71.2,1020.4,9.5,6.7,11.1,89.1,75
"608","ATLANTA 2.3 NE, GA US",2021-08-30,0,"sun",71.3,1016.5,9.1,5.9,13,89.1,73.9
"609","ATLANTA 2.3 NE, GA US",2021-08-31,0.07,"rain",70.9,1008.3,8.9,9.4,17.1,86,73
"610","ATLANTA 2.3 NE, GA US",2021-09-01,0.52,"rain",68.2,1006.4,9,10.8,15.9,86,71.1
"611","ATLANTA 2.3 NE, GA US",2021-09-02,0.02,"rain",65.3,1011.3,10,6.1,11.1,86,70
"612","ATLANTA 2.3 NE, GA US",2021-09-03,0,"sun",59.4,1016.7,10,6.2,9.9,86,66
"613","ATLANTA 2.3 NE, GA US",2021-09-04,0,"sun",56.8,1017.3,10,2.5,6,84,64
"614","ATLANTA 2.3 NE, GA US",2021-09-05,0,"sun",59.9,1015,10,3.7,7,86,61
"615","ATLANTA 2.3 NE, GA US",2021-09-06,0,"sun",69.5,1013.5,9.5,5.6,8,86,61
"616","ATLANTA 2.3 NE, GA US",2021-09-07,0.02,"rain",69.9,1014.1,8.5,3.3,7,84.9,71.1
"617","ATLANTA 2.3 NE, GA US",2021-09-08,0.35,"rain",70.9,1012.5,9,5.6,13,84.9,71.1
"618","ATLANTA 2.3 NE, GA US",2021-09-09,0.15,"rain",63.9,1011.5,10,8.6,15.9,84,71.1
"619","ATLANTA 2.3 NE, GA US",2021-09-10,0.01,"rain",54.7,1016.9,10,5.6,9.9,84,61
"620","ATLANTA 2.3 NE, GA US",2021-09-11,0,"sun",58.1,1021.3,10,4.4,7,84,61
"621","ATLANTA 2.3 NE, GA US",2021-09-12,0,"sun",62.4,1024.2,10,2.5,7,84.9,64.9
"622","ATLANTA 2.3 NE, GA US",2021-09-13,0,"sun",63.9,1022.8,9.9,3.2,8.9,88,64.9
"623","ATLANTA 2.3 NE, GA US",2021-09-14,0,"sun",66.2,1018,10,2.8,8.9,88,68
"624","ATLANTA 2.3 NE, GA US",2021-09-15,0,"sun",67.9,1015.5,9,3.6,6,87.1,70
"625","ATLANTA 2.3 NE, GA US",2021-09-16,0.42,"rain",67.9,1016.3,4.5,8.1,12,79,69.1
"626","ATLANTA 2.3 NE, GA US",2021-09-17,0.12,"rain",69.6,1019.1,8.1,6.5,9.9,77,69.1
"627","ATLANTA 2.3 NE, GA US",2021-09-18,0.04,"rain",69.8,1019,9.7,5.2,9.9,84,71.1
"628","ATLANTA 2.3 NE, GA US",2021-09-19,0.16,"rain",71.5,1017.7,8.6,5.3,11.1,80.1,71.6
"629","ATLANTA 2.3 NE, GA US",2021-09-20,0.4,"rain",70.2,1017.1,6.7,7.9,14,81,72
"630","ATLANTA 2.3 NE, GA US",2021-09-21,0.61,"rain",70.2,1017.1,5.5,5.2,13,84.9,71.1
"631","ATLANTA 2.3 NE, GA US",2021-09-22,0.02,"rain",66.6,1014.5,7.7,7.6,17.1,84.9,66
"632","ATLANTA 2.3 NE, GA US",2021-09-23,0.1,"drizzle",48.7,1015.8,10,10.4,14,77,53.1
"633","ATLANTA 2.3 NE, GA US",2021-09-24,0,"sun",48.3,1018.4,10,6.6,11.1,75.9,53.1
"634","ATLANTA 2.3 NE, GA US",2021-09-25,0,"sun",53.4,1018.7,10,3.4,8.9,78.1,53.1
"635","ATLANTA 2.3 NE, GA US",2021-09-26,0,"sun",54.2,1019.4,10,5,11.1,81,57
"636","ATLANTA 2.3 NE, GA US",2021-09-27,0,"sun",57,1019.6,10,2.5,5.1,82.9,57
"637","ATLANTA 2.3 NE, GA US",2021-09-28,0,"sun",59.4,1017.3,10,3.3,8,84,60.1
"638","ATLANTA 2.3 NE, GA US",2021-09-29,0,"sun",61.2,1016.2,10,5.7,9.9,84.9,63
"639","ATLANTA 2.3 NE, GA US",2021-09-30,0,"sun",62.8,1018.2,9.9,3.3,6,84.9,64.9
"640","ATLANTA 2.3 NE, GA US",2021-10-01,0,"sun",63.9,1020.9,9.8,3,8,84.9,64.9
"641","ATLANTA 2.3 NE, GA US",2021-10-02,0,"sun",65.8,1021.7,8.4,4.9,8,84.9,66
"642","ATLANTA 2.3 NE, GA US",2021-10-03,0,"sun",65.8,1018.5,9.6,4.6,11.1,81,68
"643","ATLANTA 2.3 NE, GA US",2021-10-04,0.34,"rain",66.1,1015.3,9.2,3.6,9.9,78.1,68
"644","ATLANTA 2.3 NE, GA US",2021-10-05,1,"rain",65.4,1017.3,6.8,6.2,12,78.1,66
"645","ATLANTA 2.3 NE, GA US",2021-10-06,0.44,"rain",67.2,1019.1,9.3,8,13,75.9,66
"646","ATLANTA 2.3 NE, GA US",2021-10-07,0.03,"rain",68.4,1019.4,7.3,5,8.9,78.1,69.1
"647","ATLANTA 2.3 NE, GA US",2021-10-08,0.21,"rain",65.6,1017.4,10,5.8,11.1,82.9,69.1
"648","ATLANTA 2.3 NE, GA US",2021-10-09,0,"sun",62.2,1016.4,9.3,6,12,82.9,66
"649","ATLANTA 2.3 NE, GA US",2021-10-10,0,"sun",61.9,1016.1,10,5,12,82.9,63
"650","ATLANTA 2.3 NE, GA US",2021-10-11,0,"sun",62.2,1015.5,10,5.2,8.9,82,63
"651","ATLANTA 2.3 NE, GA US",2021-10-12,0,"sun",63.6,1017.5,9.5,4.5,8.9,79,64
"652","ATLANTA 2.3 NE, GA US",2021-10-13,0.01,"rain",63.6,1017.6,9.1,1.8,5.1,82.9,63
"653","ATLANTA 2.3 NE, GA US",2021-10-14,0,"sun",63,1016.3,10,2,6,82.9,63
"654","ATLANTA 2.3 NE, GA US",2021-10-15,0,"sun",63.2,1015,10,3.5,8,84.9,64
"655","ATLANTA 2.3 NE, GA US",2021-10-16,0,"sun",58.5,1014.1,10,9.9,20,84.9,61
"656","ATLANTA 2.3 NE, GA US",2021-10-17,0,"sun",38.9,1020.4,10,9.4,14,71.1,46.9
"657","ATLANTA 2.3 NE, GA US",2021-10-18,0,"sun",40.5,1022,10,5.3,8.9,73,46.9
"658","ATLANTA 2.3 NE, GA US",2021-10-19,0,"sun",45.5,1022.6,10,2.4,6,75.9,48.9
"659","ATLANTA 2.3 NE, GA US",2021-10-20,0,"sun",49.6,1023.9,10,2.8,7,77,50
"660","ATLANTA 2.3 NE, GA US",2021-10-21,0,"sun",57.5,1021,10,4.1,11.1,77,53.1
"661","ATLANTA 2.3 NE, GA US",2021-10-22,0.04,"rain",57.8,1016.6,9.3,7.4,12,77,59
"662","ATLANTA 2.3 NE, GA US",2021-10-23,0,"sun",47.4,1017.2,10,6.3,9.9,75,50
"663","ATLANTA 2.3 NE, GA US",2021-10-24,0,"sun",50.1,1018.6,10,3.5,7,78.1,50
"664","ATLANTA 2.3 NE, GA US",2021-10-25,0,"sun",58.1,1013.8,10,5.2,13,80.1,52
"665","ATLANTA 2.3 NE, GA US",2021-10-26,0,"sun",48.8,1012,10,13,19,80.1,53.1
"666","ATLANTA 2.3 NE, GA US",2021-10-27,0,"sun",42.7,1012.2,10,5.6,9.9,73,46
"667","ATLANTA 2.3 NE, GA US",2021-10-28,0.03,"rain",51.6,1006.1,6.2,9.4,15,73,46
"668","ATLANTA 2.3 NE, GA US",2021-10-29,0.21,"rain",50.8,1000.3,7.6,6.6,12,61,51.1
"669","ATLANTA 2.3 NE, GA US",2021-10-30,0.02,"rain",50.4,1003.9,5.9,7.5,15,57.9,51.1
"670","ATLANTA 2.3 NE, GA US",2021-10-31,0,"sun",48.7,1012.7,10,10.1,15,63,52
"671","ATLANTA 2.3 NE, GA US",2021-11-01,0,"sun",46.3,1020.9,10,5.7,8.9,71.1,46
"672","ATLANTA 2.3 NE, GA US",2021-11-02,0,"sun",46,1022.6,10,5.8,12,71.1,46
"673","ATLANTA 2.3 NE, GA US",2021-11-03,0,"sun",42.3,1023.2,10,8.4,14,70,43
"674","ATLANTA 2.3 NE, GA US",2021-11-04,0.06,"rain",41.9,1023.5,9.2,9.3,11.1,60.1,43
"675","ATLANTA 2.3 NE, GA US",2021-11-05,0.11,"rain",38.8,1024.5,10,9.8,15,53.1,42.8
"676","ATLANTA 2.3 NE, GA US",2021-11-06,0,"sun",33.2,1023.2,10,10.2,19,59,43
"677","ATLANTA 2.3 NE, GA US",2021-11-07,0,"sun",35.5,1021.2,10,5.6,8,66.9,39
"678","ATLANTA 2.3 NE, GA US",2021-11-08,0,"sun",33.1,1023.5,10,5.4,12,73.9,39
"679","ATLANTA 2.3 NE, GA US",2021-11-09,0,"sun",40.2,1024.9,10,2,6,78.1,42.1
"680","ATLANTA 2.3 NE, GA US",2021-11-10,0,"sun",44.7,1021.5,10,2.9,7,78.1,45
"681","ATLANTA 2.3 NE, GA US",2021-11-11,0,"sun",51.1,1017.6,10,5.9,12,75.9,50
"682","ATLANTA 2.3 NE, GA US",2021-11-12,0.77,"rain",47.9,1017.7,9.3,6.3,15.9,73.9,48
"683","ATLANTA 2.3 NE, GA US",2021-11-13,0,"sun",38.9,1016.2,10,8,15,68,46
"684","ATLANTA 2.3 NE, GA US",2021-11-14,0,"sun",29.7,1018.2,10,7.5,12,60.1,35.1
"685","ATLANTA 2.3 NE, GA US",2021-11-15,0,"sun",32.4,1020.9,10,7.7,9.9,62.1,35.1
"686","ATLANTA 2.3 NE, GA US",2021-11-16,0,"sun",42.4,1022.6,10,4.5,11.1,73,41
"687","ATLANTA 2.3 NE, GA US",2021-11-17,0,"sun",48,1023.7,9.5,3.5,8.9,73.9,45
"688","ATLANTA 2.3 NE, GA US",2021-11-18,0,"sun",50.7,1023.5,10,4.3,17.1,75,48
"689","ATLANTA 2.3 NE, GA US",2021-11-19,0,"sun",27.9,1027,10,9.8,20,75,37
"690","ATLANTA 2.3 NE, GA US",2021-11-20,0,"sun",28.2,1029.5,10,9.7,18.1,63,37
"691","ATLANTA 2.3 NE, GA US",2021-11-21,0,"sun",37.4,1025.4,10,6.9,11.1,64.9,37
"692","ATLANTA 2.3 NE, GA US",2021-11-22,0.37,"rain",48,1016.7,8.8,8.3,17.1,64.9,44.1
"693","ATLANTA 2.3 NE, GA US",2021-11-23,0,"sun",21,1021.9,10,9.7,19,61,32
"694","ATLANTA 2.3 NE, GA US",2021-11-24,0,"sun",22.7,1027.2,10,4.7,7,59,32
"695","ATLANTA 2.3 NE, GA US",2021-11-25,0,"sun",33.2,1025.4,10,4.1,12,66.9,33.1
"696","ATLANTA 2.3 NE, GA US",2021-11-26,0.13,"rain",37.9,1019,9,11.6,20,69.1,36
"697","ATLANTA 2.3 NE, GA US",2021-11-27,0,"sun",21.2,1019.8,10,7.8,12,63,35.1
"698","ATLANTA 2.3 NE, GA US",2021-11-28,0,"sun",29,1016.9,10,5.8,8.9,63,35.1
"699","ATLANTA 2.3 NE, GA US",2021-11-29,0,"sun",24.9,1018.4,10,10.7,15,57,37
"700","ATLANTA 2.3 NE, GA US",2021-11-30,0,"sun",25.7,1021.5,10,5.6,11.1,66,35.1
"701","ATLANTA 2.3 NE, GA US",2021-12-01,0,"sun",39.3,1021.6,10,5,9.9,69.1,35.1
"702","ATLANTA 2.3 NE, GA US",2021-12-02,0,"sun",42.7,1019.4,10,6.9,11.1,73.9,45
"703","ATLANTA 2.3 NE, GA US",2021-12-03,0,"sun",45.8,1018.6,10,5.4,8,77,48.9
"704","ATLANTA 2.3 NE, GA US",2021-12-04,0,"sun",51.8,1018.9,9.7,4.3,6,77,50
"705","ATLANTA 2.3 NE, GA US",2021-12-05,0,"sun",54,1020.1,7.6,2,6,70,52
"706","ATLANTA 2.3 NE, GA US",2021-12-06,0.02,"rain",55.7,1018.2,6.2,5.3,9.9,64.9,53.1
"707","ATLANTA 2.3 NE, GA US",2021-12-07,0.47,"rain",36.7,1019.4,10,7.3,18.1,64,36
"708","ATLANTA 2.3 NE, GA US",2021-12-08,0.14,"rain",41.4,1016.4,7.5,6.7,9.9,54,36
"709","ATLANTA 2.3 NE, GA US",2021-12-09,0.01,"rain",38.5,1019.8,10,6.1,11.1,55,39
"710","ATLANTA 2.3 NE, GA US",2021-12-10,0.32,"rain",47.7,1019.6,2.8,6.3,9.9,55,39
"711","ATLANTA 2.3 NE, GA US",2021-12-11,0.03,"rain",58.9,1015.7,3,7.6,22.9,75,46.9
"712","ATLANTA 2.3 NE, GA US",2021-12-12,0.47,"rain",36.8,1022.9,9.8,8.4,15.9,59,36
"713","ATLANTA 2.3 NE, GA US",2021-12-13,0,"sun",31.9,1028.6,10,3.7,7,62.1,36
"714","ATLANTA 2.3 NE, GA US",2021-12-14,0,"sun",34.2,1029.6,10,1.7,6,69.1,37
"715","ATLANTA 2.3 NE, GA US",2021-12-15,0,"sun",37,1030.2,10,6.5,9.9,69.1,37
"716","ATLANTA 2.3 NE, GA US",2021-12-16,0,"sun",46.5,1025.4,10,5.6,9.9,66.9,41
"717","ATLANTA 2.3 NE, GA US",2021-12-17,0,"sun",56.5,1022.7,5.1,2.8,5.1,66.9,51.1
"718","ATLANTA 2.3 NE, GA US",2021-12-18,0.03,"rain",61.2,1018.9,5.4,5.1,9.9,68,55.9
"719","ATLANTA 2.3 NE, GA US",2021-12-19,0.69,"rain",52.8,1016.3,7,8.4,19,68,44.1
"720","ATLANTA 2.3 NE, GA US",2021-12-20,0,"sun",33.1,1023,10,9.7,13,46,39.9
"721","ATLANTA 2.3 NE, GA US",2021-12-21,0,"sun",29.6,1017.8,9.5,8.2,12,46,39.9
"722","ATLANTA 2.3 NE, GA US",2021-12-22,0.22,"rain",33.3,1013.6,9.9,10.9,18.1,55,39.9
"723","ATLANTA 2.3 NE, GA US",2021-12-23,0,"sun",21.8,1022,10,5.9,11.1,61,34
"724","ATLANTA 2.3 NE, GA US",2021-12-24,0,"sun",35.9,1021.7,10,4.7,9.9,66,34
"725","ATLANTA 2.3 NE, GA US",2021-12-25,0,"sun",51.4,1016.1,10,9.2,17.1,68,53.1
"726","ATLANTA 2.3 NE, GA US",2021-12-26,0,"sun",57.9,1015.9,10,5.3,11.1,75,53.1
"727","ATLANTA 2.3 NE, GA US",2021-12-27,0.02,"rain",58.8,1015.8,6.5,6.3,14,75,57.9
"728","ATLANTA 2.3 NE, GA US",2021-12-28,0,"sun",60.5,1013.1,10,5.5,9.9,75,59
"729","ATLANTA 2.3 NE, GA US",2021-12-29,0,"sun",62.3,1012,8.8,7.9,13,75,62.1
"730","ATLANTA 2.3 NE, GA US",2021-12-30,3.29,"rain",63.5,1012,6.7,6.2,14,73.9,64
"731","ATLANTA 2.3 NE, GA US",2021-12-31,1.75,"rain",60.5,1014.6,4,3.2,8,71.6,57
"732","ATLANTA 2.3 NE, GA US",2022-01-01,0,"sun",65.2,1012.1,9.7,8.2,15,78.1,57
"733","ATLANTA 2.3 NE, GA US",2022-01-02,0.64,"rain",60.2,1009.2,8.8,9.8,26,78.1,57
"734","ATLANTA 2.3 NE, GA US",2022-01-03,0.66,"rain",37,1016.5,8.3,15.5,27,57.9,35.1
"735","ATLANTA 2.3 NE, GA US",2022-01-04,0,"sun",27,1026.8,10,7.3,12,51.1,30
"736","ATLANTA 2.3 NE, GA US",2022-01-05,0,"sun",36,1019.2,10,6.1,11.1,59,30
"737","ATLANTA 2.3 NE, GA US",2022-01-06,0,"sun",42.3,1013.9,8.6,5.2,19,63,39
"738","ATLANTA 2.3 NE, GA US",2022-01-07,0.13,"rain",24.3,1021.9,10,11.1,20,63,28
"739","ATLANTA 2.3 NE, GA US",2022-01-08,0,"sun",19,1030.2,10,7.7,11.1,52,28
"740","ATLANTA 2.3 NE, GA US",2022-01-09,0,"sun",38.1,1028.7,9.7,7.5,15.9,64.9,30
"741","ATLANTA 2.3 NE, GA US",2022-01-10,0.43,"rain",30.3,1026.3,9.3,11.8,17.1,64.9,35.1
"742","ATLANTA 2.3 NE, GA US",2022-01-11,0,"sun",15.6,1031.3,10,7.9,19,53.1,30
"743","ATLANTA 2.3 NE, GA US",2022-01-12,0,"sun",21.2,1028.7,10,2.7,6,55.9,30
"744","ATLANTA 2.3 NE, GA US",2022-01-13,0,"sun",29,1017.6,10,5.5,15,62.1,32
"745","ATLANTA 2.3 NE, GA US",2022-01-14,0,"sun",33.3,1014.1,10,9.2,17.1,62.1,37.9
"746","ATLANTA 2.3 NE, GA US",2022-01-15,0,"sun",32.6,1016.8,10,6.8,15,55.9,39
"747","ATLANTA 2.3 NE, GA US",2022-01-16,0.56,"rain",34,1010.3,5.1,14.8,26,44.1,33.8
"748","ATLANTA 2.3 NE, GA US",2022-01-17,0.41,"rain",29.1,1010.5,10,13.5,19,39.9,33.1
"749","ATLANTA 2.3 NE, GA US",2022-01-18,0,"sun",26.3,1020.8,10,7.2,14,55.9,30
"750","ATLANTA 2.3 NE, GA US",2022-01-19,0,"sun",30.2,1022.6,10,3.7,9.9,62.1,30
"751","ATLANTA 2.3 NE, GA US",2022-01-20,0.23,"rain",39.1,1018.8,8,8.9,15.9,62.1,35.1
"752","ATLANTA 2.3 NE, GA US",2022-01-21,0.08,"rain",30.3,1024.2,6.3,8.9,15,37.9,30.2
"753","ATLANTA 2.3 NE, GA US",2022-01-22,0,"sun",28.4,1026.6,7.5,5.8,9.9,45,30.9
"754","ATLANTA 2.3 NE, GA US",2022-01-23,0,"sun",22.4,1020.7,10,6.5,11.1,51.1,26.1
"755","ATLANTA 2.3 NE, GA US",2022-01-24,0,"sun",25.1,1014.7,10,7,11.1,60.1,26.1
"756","ATLANTA 2.3 NE, GA US",2022-01-25,0,"sun",33.9,1014.7,10,5.5,8,60.1,33.1
"757","ATLANTA 2.3 NE, GA US",2022-01-26,0,"sun",26.6,1021.9,10,9.2,15.9,60.1,30
"758","ATLANTA 2.3 NE, GA US",2022-01-27,0,"sun",19.6,1026.3,10,7.3,13,54,30
"759","ATLANTA 2.3 NE, GA US",2022-01-28,0,"sun",24.6,1019.8,10,5.7,20,54,33.1
"760","ATLANTA 2.3 NE, GA US",2022-01-29,0.01,"drizzle",13.3,1020.8,9.9,13.8,21,52,26.1
"761","ATLANTA 2.3 NE, GA US",2022-01-30,0,"sun",11.7,1020.1,10,7.1,14,57.9,26.1
"762","ATLANTA 2.3 NE, GA US",2022-01-31,0,"sun",24.7,1019.8,10,4.6,8.9,59,26.1
"763","ATLANTA 2.3 NE, GA US",2022-02-01,0,"sun",24.4,1024.1,9.9,6.6,11.1,60.1,34
"764","ATLANTA 2.3 NE, GA US",2022-02-02,0,"sun",35.5,1023.4,9.9,10.6,15,60.1,34
"765","ATLANTA 2.3 NE, GA US",2022-02-03,0.12,"rain",50.1,1018.5,5.6,8.4,13,64,44.1
"766","ATLANTA 2.3 NE, GA US",2022-02-04,2.16,"rain",52.7,1017.8,7.3,9.5,19,66.9,39.9
"767","ATLANTA 2.3 NE, GA US",2022-02-05,0.03,"rain",22.6,1027.3,10,13.1,21,45,28.9
"768","ATLANTA 2.3 NE, GA US",2022-02-06,0,"sun",19.8,1027.9,10,8.1,15,51.1,28.9
"769","ATLANTA 2.3 NE, GA US",2022-02-07,0,"sun",27.5,1022.8,10,7.4,11.1,51.1,30.9
"770","ATLANTA 2.3 NE, GA US",2022-02-08,0,"sun",26.3,1021.4,10,8.1,14,55,35.1
"771","ATLANTA 2.3 NE, GA US",2022-02-09,0,"sun",26.4,1019.4,10,5.2,13,62.1,33.1
"772","ATLANTA 2.3 NE, GA US",2022-02-10,0,"sun",26.9,1018.2,10,5.9,15,68,33.1
"773","ATLANTA 2.3 NE, GA US",2022-02-11,0,"sun",28.7,1017.4,10,6.2,13,68,39.9
"774","ATLANTA 2.3 NE, GA US",2022-02-12,0,"sun",36.7,1018.2,10,4.9,9.9,70,43
"775","ATLANTA 2.3 NE, GA US",2022-02-13,0,"sun",23.9,1019.5,10,13.3,21,70,37
"776","ATLANTA 2.3 NE, GA US",2022-02-14,0,"sun",16.9,1025.1,10,7.7,13,57.9,30
"777","ATLANTA 2.3 NE, GA US",2022-02-15,0,"sun",25.5,1030.8,10,4.2,8,63,30
"778","ATLANTA 2.3 NE, GA US",2022-02-16,0,"sun",36.4,1030.7,10,7.7,13,71.1,37
"779","ATLANTA 2.3 NE, GA US",2022-02-17,0,"sun",53,1021.6,8.6,9.2,17.1,71.1,43
"780","ATLANTA 2.3 NE, GA US",2022-02-18,1.07,"rain",46,1016.6,9.1,13,22.9,71.1,39
"781","ATLANTA 2.3 NE, GA US",2022-02-19,0,"sun",22,1024.8,10,10.9,17.1,63,30
"782","ATLANTA 2.3 NE, GA US",2022-02-20,0,"sun",21.3,1028.5,10,5.9,12,61,30
"783","ATLANTA 2.3 NE, GA US",2022-02-21,0,"sun",37.2,1026.1,9,5.3,8,61,34
"784","ATLANTA 2.3 NE, GA US",2022-02-22,0.84,"rain",55,1023.7,5.5,6.3,11.1,72,43
"785","ATLANTA 2.3 NE, GA US",2022-02-23,0.02,"rain",59.6,1021.3,9.4,7.4,11.1,75,54
"786","ATLANTA 2.3 NE, GA US",2022-02-24,0.29,"rain",59.6,1020.8,9.4,5.5,8.9,78.1,62.1
"787","ATLANTA 2.3 NE, GA US",2022-02-25,0,"sun",55,1022.1,9.5,8.1,22,78.1,55.9
"788","ATLANTA 2.3 NE, GA US",2022-02-26,0,"sun",34.3,1026.9,10,8,15,64.9,37.9
"789","ATLANTA 2.3 NE, GA US",2022-02-27,0,"sun",43.3,1022.5,7.5,5.7,11.1,64,37.9
"790","ATLANTA 2.3 NE, GA US",2022-02-28,0.2,"rain",40.8,1021.3,9.3,6.4,9.9,64,45
"791","ATLANTA 2.3 NE, GA US",2022-03-01,0,"sun",31.3,1021.1,10,4.8,8.9,69.1,42.1
"792","ATLANTA 2.3 NE, GA US",2022-03-02,0,"sun",30,1020.5,10,6.5,14,78.1,42.1
"793","ATLANTA 2.3 NE, GA US",2022-03-03,0,"sun",31.4,1020.5,10,6.6,9.9,80.1,46.9
"794","ATLANTA 2.3 NE, GA US",2022-03-04,0,"sun",35.2,1023.6,9.7,6.2,13,80.1,51.1
"795","ATLANTA 2.3 NE, GA US",2022-03-05,0,"sun",45.9,1025.9,9.3,8,12,78.1,51.1
"796","ATLANTA 2.3 NE, GA US",2022-03-06,0,"sun",54,1024.4,10,6.7,11.1,80.1,51.1
"797","ATLANTA 2.3 NE, GA US",2022-03-07,0,"sun",57.3,1018.5,9.1,7.8,15.9,80.1,57.9
"798","ATLANTA 2.3 NE, GA US",2022-03-08,0.21,"rain",46.8,1017.9,8.6,6.2,11.1,59,46
"799","ATLANTA 2.3 NE, GA US",2022-03-09,2.03,"rain",50.1,1012.6,4.5,6.7,12,57,46
"800","ATLANTA 2.3 NE, GA US",2022-03-10,0.07,"rain",44.1,1015.2,10,5.6,13,68,46
"801","ATLANTA 2.3 NE, GA US",2022-03-11,0,"sun",48.3,1016.3,4.8,8,13,68,46
"802","ATLANTA 2.3 NE, GA US",2022-03-12,0.55,"rain",31.9,1014.6,7.2,17.1,33,59,30.9
"803","ATLANTA 2.3 NE, GA US",2022-03-13,0,"sun",8.7,1028.8,10,6.8,15.9,55,25
"804","ATLANTA 2.3 NE, GA US",2022-03-14,0,"sun",20.8,1029.3,10,3.8,9.9,66,25
"805","ATLANTA 2.3 NE, GA US",2022-03-15,0,"sun",40.5,1025.1,9.6,5.6,13,68,37
"806","ATLANTA 2.3 NE, GA US",2022-03-16,0.67,"rain",54.3,1016.9,6.4,10.3,15,68,48
"807","ATLANTA 2.3 NE, GA US",2022-03-17,0.62,"rain",50.8,1015,7,5.2,8.9,73.9,48.2
"808","ATLANTA 2.3 NE, GA US",2022-03-18,0.02,"rain",51.1,1015,9,5,29.9,73.9,48.9
"809","ATLANTA 2.3 NE, GA US",2022-03-19,0.74,"rain",50.9,1014.8,8.3,9.5,14,66.9,53.1
"810","ATLANTA 2.3 NE, GA US",2022-03-20,0,"sun",33.8,1021.9,10,10.5,18.1,69.1,41
"811","ATLANTA 2.3 NE, GA US",2022-03-21,0,"sun",29.6,1024.3,10,5.9,9.9,73,41
"812","ATLANTA 2.3 NE, GA US",2022-03-22,0,"sun",41.2,1018.9,10,8.3,21,75.9,44.1
"813","ATLANTA 2.3 NE, GA US",2022-03-23,0.26,"rain",58.3,1009.2,8.8,12.5,18.1,77,51.1
"814","ATLANTA 2.3 NE, GA US",2022-03-24,0.12,"rain",39.4,1012.2,10,8.9,15,77,46
"815","ATLANTA 2.3 NE, GA US",2022-03-25,0,"sun",32.8,1012.6,10,9.1,20,68,46
"816","ATLANTA 2.3 NE, GA US",2022-03-26,0,"sun",31.3,1013.7,10,13,25.1,64.9,46
"817","ATLANTA 2.3 NE, GA US",2022-03-27,0,"sun",19.3,1016.1,10,11.9,17.1,64.9,43
"818","ATLANTA 2.3 NE, GA US",2022-03-28,0,"sun",22.9,1019.3,9.9,8.9,14,66.9,42.1
"819","ATLANTA 2.3 NE, GA US",2022-03-29,0,"sun",31.5,1020.5,9.8,5.8,9.9,75,42.1
"820","ATLANTA 2.3 NE, GA US",2022-03-30,0,"sun",48.8,1015.3,9.8,8.9,19,82.9,51.1
"821","ATLANTA 2.3 NE, GA US",2022-03-31,0.94,"rain",53.8,1006,9.6,13.5,20,82.9,55
"822","ATLANTA 2.3 NE, GA US",2022-04-01,0,"sun",37,1013.5,10,8.9,14,73,48
"823","ATLANTA 2.3 NE, GA US",2022-04-02,0,"sun",34.5,1017.6,10,5.8,9.9,69.1,48
"824","ATLANTA 2.3 NE, GA US",2022-04-03,0,"sun",36,1015.5,10,8.6,14,70,48
"825","ATLANTA 2.3 NE, GA US",2022-04-04,0,"sun",29.5,1015.4,10,5.7,9.9,75.9,48
"826","ATLANTA 2.3 NE, GA US",2022-04-05,0,"sun",46.5,1009.7,8.1,5.4,15,75.9,48
"827","ATLANTA 2.3 NE, GA US",2022-04-06,2.57,"rain",61.7,1006.7,5.1,5.9,17.1,73,54
"828","ATLANTA 2.3 NE, GA US",2022-04-07,0.85,"rain",47.9,1006.5,9.5,10.7,15.9,73,54
"829","ATLANTA 2.3 NE, GA US",2022-04-08,0.01,"rain",31.8,1010.2,10,10.9,18.1,70,46
"830","ATLANTA 2.3 NE, GA US",2022-04-09,0,"sun",29.5,1014.5,10,10.9,19,59,41
"831","ATLANTA 2.3 NE, GA US",2022-04-10,0,"sun",30.5,1018.4,10,3.8,8.9,73.9,37.9
"832","ATLANTA 2.3 NE, GA US",2022-04-11,0,"sun",42.2,1019.4,10,5.3,9.9,73.9,37.9
"833","ATLANTA 2.3 NE, GA US",2022-04-12,0,"sun",50.3,1019.9,10,5.3,11.1,82,50
"834","ATLANTA 2.3 NE, GA US",2022-04-13,0,"sun",56.5,1017.2,9.9,7.1,15,82,57
"835","ATLANTA 2.3 NE, GA US",2022-04-14,0.08,"rain",56.5,1014.4,10,8.8,14,77,63
"836","ATLANTA 2.3 NE, GA US",2022-04-15,0,"sun",34.8,1020,10,7.6,15,77,48
"837","ATLANTA 2.3 NE, GA US",2022-04-16,1.05,"rain",54.1,1017,9.2,5.6,11.1,77,48
"838","ATLANTA 2.3 NE, GA US",2022-04-17,0,"sun",59.9,1015.6,8,3.5,8.9,73,59
"839","ATLANTA 2.3 NE, GA US",2022-04-18,0.02,"rain",58.3,1013.4,9.9,9.1,20,73,57.9
"840","ATLANTA 2.3 NE, GA US",2022-04-19,0.01,"drizzle",31.2,1021.2,10,11.3,18.1,73,42.1
"841","ATLANTA 2.3 NE, GA US",2022-04-20,0,"sun",32.4,1025.2,10,7.1,12,72,42.1
"842","ATLANTA 2.3 NE, GA US",2022-04-21,0,"sun",49.3,1027.9,9.8,6.9,9.9,75.9,45
"843","ATLANTA 2.3 NE, GA US",2022-04-22,0,"sun",53.4,1028.5,10,2.7,6,82,55
"844","ATLANTA 2.3 NE, GA US",2022-04-23,0,"sun",53.4,1024.7,10,6.4,13,82,57.9
"845","ATLANTA 2.3 NE, GA US",2022-04-24,0,"sun",55,1022.1,10,5.3,8.9,81,60.1
"846","ATLANTA 2.3 NE, GA US",2022-04-25,0,"sun",56.7,1020.1,10,5.4,8.9,84,60.1
"847","ATLANTA 2.3 NE, GA US",2022-04-26,0,"sun",58.6,1019.6,9.9,6.1,15.9,84,62.1
"848","ATLANTA 2.3 NE, GA US",2022-04-27,0.06,"rain",38.6,1021,10,7.6,11.1,77,46.9
"849","ATLANTA 2.3 NE, GA US",2022-04-28,0,"sun",39.1,1020.1,10,6.3,11.1,78.1,46.9
"850","ATLANTA 2.3 NE, GA US",2022-04-29,0,"sun",45.4,1018.9,9.7,5,13,80.1,53.1
"851","ATLANTA 2.3 NE, GA US",2022-04-30,0,"sun",53.5,1017.4,10,6.9,9.9,81,57
"852","ATLANTA 2.3 NE, GA US",2022-05-01,0,"sun",61.3,1017,9.6,7.2,14,81,59
"853","ATLANTA 2.3 NE, GA US",2022-05-02,0,"sun",62.4,1017.4,10,5.8,8.9,86,64.9
"854","ATLANTA 2.3 NE, GA US",2022-05-03,0,"sun",60.7,1016.8,10,5.7,12,86,64.9
"855","ATLANTA 2.3 NE, GA US",2022-05-04,0.27,"rain",63.1,1016.5,9.6,6.1,21,87.1,64
"856","ATLANTA 2.3 NE, GA US",2022-05-05,0.39,"rain",63.4,1015.8,10,5.4,12,87.1,64
"857","ATLANTA 2.3 NE, GA US",2022-05-06,0,"sun",62.2,1008.9,9.7,9.3,22,87.1,66.9
"858","ATLANTA 2.3 NE, GA US",2022-05-07,0.09,"rain",52.1,1006.3,10,12.4,18.1,80.1,60.1
"859","ATLANTA 2.3 NE, GA US",2022-05-08,0,"sun",52.4,1011.3,9.5,7.7,13,69.1,53.6
"860","ATLANTA 2.3 NE, GA US",2022-05-09,0,"sun",50,1018.7,10,7.5,15,73,53.1
"861","ATLANTA 2.3 NE, GA US",2022-05-10,0,"sun",47.5,1022.5,10,5.4,11.1,82,53.1
"862","ATLANTA 2.3 NE, GA US",2022-05-11,0,"sun",50.2,1021.4,10,5.4,9.9,84,57
"863","ATLANTA 2.3 NE, GA US",2022-05-12,0,"sun",54.6,1018.2,10,7.7,13,84.9,60.1
"864","ATLANTA 2.3 NE, GA US",2022-05-13,0,"sun",58,1016.4,9.8,9.6,13,84.9,64
"865","ATLANTA 2.3 NE, GA US",2022-05-14,0,"sun",59.7,1015.5,9.4,4.3,11.1,82,63
"866","ATLANTA 2.3 NE, GA US",2022-05-15,0,"sun",61.1,1013.7,10,4.9,19,86,63
"867","ATLANTA 2.3 NE, GA US",2022-05-16,0,"sun",61.7,1011.2,10,6.6,17.1,87.1,66
"868","ATLANTA 2.3 NE, GA US",2022-05-17,0,"sun",50.8,1014.8,10,6.4,13,87.1,60.1
"869","ATLANTA 2.3 NE, GA US",2022-05-18,0,"sun",51,1015.9,10,4.9,12,88,60.1
"870","ATLANTA 2.3 NE, GA US",2022-05-19,0,"sun",63.2,1012.2,10,7.4,13,90,63
"871","ATLANTA 2.3 NE, GA US",2022-05-20,0,"sun",64.2,1012.8,10,7.2,15,90,69.1
"872","ATLANTA 2.3 NE, GA US",2022-05-21,0,"sun",64.8,1018.1,10,6,11.1,89.1,69.1
"873","ATLANTA 2.3 NE, GA US",2022-05-22,0,"sun",63.5,1021,10,6.9,13,89.1,70
"874","ATLANTA 2.3 NE, GA US",2022-05-23,0.27,"rain",64.6,1018.5,8.9,9.3,19,88,68
"875","ATLANTA 2.3 NE, GA US",2022-05-24,0,"sun",66,1017.5,9.9,3.6,7,84,68
"876","ATLANTA 2.3 NE, GA US",2022-05-25,0.84,"rain",64.5,1018.8,9.3,10,22,84,68
"877","ATLANTA 2.3 NE, GA US",2022-05-26,0.21,"rain",66.9,1017.1,9.6,7.9,18.1,80.1,68
"878","ATLANTA 2.3 NE, GA US",2022-05-27,0.12,"rain",62,1012.5,10,9.3,15.9,82,66
"879","ATLANTA 2.3 NE, GA US",2022-05-28,0,"sun",56.2,1012.9,10,6.4,9.9,82,60.1
"880","ATLANTA 2.3 NE, GA US",2022-05-29,0,"sun",58.1,1014.6,10,5.8,9.9,86,60.1
"881","ATLANTA 2.3 NE, GA US",2022-05-30,0,"sun",63.1,1016.9,10,5.2,19,89.1,68
"882","ATLANTA 2.3 NE, GA US",2022-05-31,0.02,"rain",64.4,1019,9.6,5.8,19,89.1,66.9
"883","ATLANTA 2.3 NE, GA US",2022-06-01,0,"sun",63.9,1016.9,10,3.9,9.9,91.9,66.9
"884","ATLANTA 2.3 NE, GA US",2022-06-02,0,"sun",65.3,1012.2,10,5,17.1,91.9,70
"885","ATLANTA 2.3 NE, GA US",2022-06-03,0.09,"rain",64.8,1010.6,10,7.2,13,91.9,68
"886","ATLANTA 2.3 NE, GA US",2022-06-04,0,"sun",59.7,1010.9,10,9.6,15,86,68
"887","ATLANTA 2.3 NE, GA US",2022-06-05,0,"sun",56.7,1010.8,10,8.3,12,86,68
"888","ATLANTA 2.3 NE, GA US",2022-06-06,0,"sun",60.5,1013,9.5,6.6,22,86,68
"889","ATLANTA 2.3 NE, GA US",2022-06-07,1.27,"rain",66.7,1014.4,9.8,5.8,8,86,68
"890","ATLANTA 2.3 NE, GA US",2022-06-08,0.84,"rain",67.4,1014.2,9.7,5.5,19,84.9,69.1
"891","ATLANTA 2.3 NE, GA US",2022-06-09,0.09,"rain",68.1,1012.8,10,7.6,31.1,84.9,68
"892","ATLANTA 2.3 NE, GA US",2022-06-10,0.01,"rain",58.7,1013.1,10,6.1,9.9,84.9,64
"893","ATLANTA 2.3 NE, GA US",2022-06-11,0,"sun",61.7,1011.8,10,3.3,8,88,64
"894","ATLANTA 2.3 NE, GA US",2022-06-12,0,"sun",66.7,1012.5,10,3.7,8.9,91.9,70
"895","ATLANTA 2.3 NE, GA US",2022-06-13,0,"sun",70.2,1015.5,10,5.3,12,95,73
"896","ATLANTA 2.3 NE, GA US",2022-06-14,0,"sun",72.8,1016.5,10,6.1,13,95,73.9
"897","ATLANTA 2.3 NE, GA US",2022-06-15,0,"sun",71.3,1016.7,10,6.7,11.1,99,75
"898","ATLANTA 2.3 NE, GA US",2022-06-16,0,"sun",68.8,1019.1,10,5,8.9,99,75
"899","ATLANTA 2.3 NE, GA US",2022-06-17,0.27,"rain",70.6,1017.5,10,7.4,26,97,75.9
"900","ATLANTA 2.3 NE, GA US",2022-06-18,0.04,"rain",64.9,1013.7,10,9.9,15.9,96.1,72
"901","ATLANTA 2.3 NE, GA US",2022-06-19,0,"sun",49,1017.3,10,9.1,15.9,93,68
"902","ATLANTA 2.3 NE, GA US",2022-06-20,0,"sun",52.1,1021.3,10,4,8,91.9,66.9
"903","ATLANTA 2.3 NE, GA US",2022-06-21,0,"sun",59.8,1021.6,10,5.4,12,95,66.9
"904","ATLANTA 2.3 NE, GA US",2022-06-22,0,"sun",62.5,1017.8,10,7.2,13,98.1,70
"905","ATLANTA 2.3 NE, GA US",2022-06-23,0,"sun",66.7,1012,9.9,8.5,14,98.1,72
"906","ATLANTA 2.3 NE, GA US",2022-06-24,0,"sun",66.8,1012.6,9.9,8.2,11.1,98.1,75.9
"907","ATLANTA 2.3 NE, GA US",2022-06-25,0,"sun",66.4,1016.9,10,7.4,13,93,73.9
"908","ATLANTA 2.3 NE, GA US",2022-06-26,0,"sun",63.8,1018.8,10,3.7,8.9,93,73.9
"909","ATLANTA 2.3 NE, GA US",2022-06-27,0,"sun",67.2,1018.2,9.5,4.8,14,91.9,71.1
"910","ATLANTA 2.3 NE, GA US",2022-06-28,0.34,"rain",69.7,1018.8,9.8,5.9,11.1,91,71.1
"911","ATLANTA 2.3 NE, GA US",2022-06-29,0.06,"rain",70.5,1021.8,7.3,4.7,13,87.1,71.6
"912","ATLANTA 2.3 NE, GA US",2022-06-30,0.59,"rain",69,1021.6,9.9,5.1,11.1,90,71.6
"913","ATLANTA 2.3 NE, GA US",2022-07-01,0.15,"rain",69.8,1019.2,10,3.5,9.9,90,72
"914","ATLANTA 2.3 NE, GA US",2022-07-02,0,"sun",70.1,1017,9.4,3.3,8,91,72
"915","ATLANTA 2.3 NE, GA US",2022-07-03,0,"sun",71,1017.1,10,5.5,13,91.9,72
"916","ATLANTA 2.3 NE, GA US",2022-07-04,0.68,"rain",72.6,1018.5,8,4.2,9.9,93,73
"917","ATLANTA 2.3 NE, GA US",2022-07-05,1.13,"rain",72.2,1017.6,8.8,3.6,13,93,73
"918","ATLANTA 2.3 NE, GA US",2022-07-06,0,"sun",73.1,1015.9,9.7,4.7,9.9,93.9,73
"919","ATLANTA 2.3 NE, GA US",2022-07-07,0,"sun",73,1015.4,10,6.4,13,93.9,75.9
"920","ATLANTA 2.3 NE, GA US",2022-07-08,0.12,"rain",72.9,1016.1,10,5.7,12,93.9,75.9
"921","ATLANTA 2.3 NE, GA US",2022-07-09,1.1,"rain",71.9,1016,9.5,6.3,19,86,73.4
"922","ATLANTA 2.3 NE, GA US",2022-07-10,0.3,"rain",72.1,1013.1,9.5,6.4,11.1,88,72
"923","ATLANTA 2.3 NE, GA US",2022-07-11,0.01,"rain",69.2,1013.7,9.5,9.4,15.9,87.1,72
"924","ATLANTA 2.3 NE, GA US",2022-07-12,0,"sun",69.6,1014.2,10,4.3,11.1,88,72
"925","ATLANTA 2.3 NE, GA US",2022-07-13,0,"sun",71.8,1015.3,9.8,5.7,20,91,73
"926","ATLANTA 2.3 NE, GA US",2022-07-14,0.18,"rain",68,1017.9,10,5.6,8.9,91,73
"927","ATLANTA 2.3 NE, GA US",2022-07-15,0,"sun",64.9,1019.2,10,3.7,7,91,71.1
"928","ATLANTA 2.3 NE, GA US",2022-07-16,0,"sun",67.5,1018.2,10,3.8,9.9,91,71.1
"929","ATLANTA 2.3 NE, GA US",2022-07-17,0,"sun",68.4,1017,10,4.8,8,90,71.1
"930","ATLANTA 2.3 NE, GA US",2022-07-18,0,"sun",67.9,1015.5,10,6.5,13,93,73
"931","ATLANTA 2.3 NE, GA US",2022-07-19,0.7,"rain",70.1,1015.5,9.2,5.1,17.1,93,69.1
"932","ATLANTA 2.3 NE, GA US",2022-07-20,0.99,"rain",72.2,1014.3,9.4,6.2,8.9,91.9,69.1
"933","ATLANTA 2.3 NE, GA US",2022-07-21,0.18,"rain",71.7,1013.2,9.3,6.5,14,88,72
"934","ATLANTA 2.3 NE, GA US",2022-07-22,1.01,"rain",69.9,1016.1,9.9,4.6,11.1,90,71.1
"935","ATLANTA 2.3 NE, GA US",2022-07-23,0.62,"rain",69.8,1019.5,9.6,3.8,28,91.4,71.1
"936","ATLANTA 2.3 NE, GA US",2022-07-24,0,"sun",69.6,1019.6,10,3.2,7,93,71.1
"937","ATLANTA 2.3 NE, GA US",2022-07-25,0,"sun",70.7,1018.6,10,5.5,11.1,93,73.9
"938","ATLANTA 2.3 NE, GA US",2022-07-26,0.01,"rain",71.1,1019.1,10,6,11.1,91.9,73.9
"939","ATLANTA 2.3 NE, GA US",2022-07-27,0,"sun",69.8,1018.7,10,6.2,11.1,93,73.9
"940","ATLANTA 2.3 NE, GA US",2022-07-28,0,"sun",70.6,1017.3,10,6.6,13,93,73.9
"941","ATLANTA 2.3 NE, GA US",2022-07-29,0,"sun",71.1,1017.1,10,7,17.1,93.9,75
"942","ATLANTA 2.3 NE, GA US",2022-07-30,1.49,"rain",72.3,1019.4,10,3.8,12,93.9,75
"943","ATLANTA 2.3 NE, GA US",2022-07-31,0.49,"rain",69.4,1021.4,10,6.7,12,91.9,71.1
"944","ATLANTA 2.3 NE, GA US",2022-08-01,0,"sun",68.6,1020.8,10,5.9,12,91.9,71.1
"945","ATLANTA 2.3 NE, GA US",2022-08-02,0.01,"rain",70.9,1018.2,10,5.9,8,91.9,73
"946","ATLANTA 2.3 NE, GA US",2022-08-03,0,"sun",70.5,1016.5,10,5.1,11.1,91.9,73
"947","ATLANTA 2.3 NE, GA US",2022-08-04,0,"sun",69.3,1018.5,9.6,6,19,91,71.1
"948","ATLANTA 2.3 NE, GA US",2022-08-05,0.31,"rain",71.6,1020,10,4.1,13,91,70
"949","ATLANTA 2.3 NE, GA US",2022-08-06,0.53,"rain",71.7,1021.4,9.6,5.3,8,91,73
"950","ATLANTA 2.3 NE, GA US",2022-08-07,1.37,"rain",69.9,1022.1,9.4,4.4,20,91,71.1
"951","ATLANTA 2.3 NE, GA US",2022-08-08,0,"sun",69.3,1020.3,10,4.1,14,91.4,72
"952","ATLANTA 2.3 NE, GA US",2022-08-09,0.01,"rain",70.3,1019.6,9.9,4.7,14,91,72
"953","ATLANTA 2.3 NE, GA US",2022-08-10,0.07,"rain",70.3,1020.8,9.7,4.8,15,90,71.1
"954","ATLANTA 2.3 NE, GA US",2022-08-11,0.61,"rain",69.4,1018.9,9.6,3.9,19,87.1,71.1
"955","ATLANTA 2.3 NE, GA US",2022-08-12,0.6,"rain",69.5,1016.2,9.8,6.4,12,89.1,71.1
"956","ATLANTA 2.3 NE, GA US",2022-08-13,0,"sun",65.8,1016.9,10,7.9,14,89.1,71.1
"957","ATLANTA 2.3 NE, GA US",2022-08-14,0,"sun",65.1,1016.8,10,4.1,8.9,89.1,70
"958","ATLANTA 2.3 NE, GA US",2022-08-15,0,"sun",67.2,1013.2,10,6.6,11.1,91,70
"959","ATLANTA 2.3 NE, GA US",2022-08-16,0.18,"rain",68.1,1012,9.8,6.8,15,91,71.1
"960","ATLANTA 2.3 NE, GA US",2022-08-17,0,"sun",66.7,1014,9.3,6.1,9.9,88,70
"961","ATLANTA 2.3 NE, GA US",2022-08-18,0.84,"rain",66.7,1014.3,9.5,6.1,18.1,82,66.9
"962","ATLANTA 2.3 NE, GA US",2022-08-19,0.03,"rain",69.7,1015.6,7.4,4.8,8,81,68
"963","ATLANTA 2.3 NE, GA US",2022-08-20,0.06,"rain",71.3,1018.9,9.1,4.1,8.9,86,71.6
"964","ATLANTA 2.3 NE, GA US",2022-08-21,0.38,"rain",70.5,1018.1,8,5.3,15.9,86,70
"965","ATLANTA 2.3 NE, GA US",2022-08-22,0.05,"rain",71,1015.8,9.8,6.1,9.9,86,70
"966","ATLANTA 2.3 NE, GA US",2022-08-23,0.39,"rain",69.5,1014.2,9.4,6,8,87.1,72
"967","ATLANTA 2.3 NE, GA US",2022-08-24,0,"sun",69.6,1015.7,9.7,4.8,14,87.1,72
"968","ATLANTA 2.3 NE, GA US",2022-08-25,0.27,"rain",70.2,1017.7,8.5,2.9,8,84,70
"969","ATLANTA 2.3 NE, GA US",2022-08-26,0.09,"rain",70.4,1017,9.7,2.9,7,88,70
"970","ATLANTA 2.3 NE, GA US",2022-08-27,0,"sun",72,1015.1,9.9,3.6,8.9,90,72
"971","ATLANTA 2.3 NE, GA US",2022-08-28,0.26,"rain",71,1015.4,10,4.8,8,90,73
"972","ATLANTA 2.3 NE, GA US",2022-08-29,0,"sun",69.8,1016.9,10,5.1,8.9,90,73
"973","ATLANTA 2.3 NE, GA US",2022-08-30,0,"sun",70.8,1015.9,7.9,4.8,22,91,72
"974","ATLANTA 2.3 NE, GA US",2022-08-31,0.84,"rain",69.1,1015.3,8.3,6.5,9.9,91,72
"975","ATLANTA 2.3 NE, GA US",2022-09-01,0,"sun",63.8,1015.2,10,5,8,91,69.1
"976","ATLANTA 2.3 NE, GA US",2022-09-02,0,"sun",69.8,1017.5,9.5,6,14,91,69.1
"977","ATLANTA 2.3 NE, GA US",2022-09-03,0.28,"rain",70.2,1019.4,10,6.5,8.9,88,72
"978","ATLANTA 2.3 NE, GA US",2022-09-04,0,"sun",71.2,1017.3,9.4,6.3,9.9,88,72
"979","ATLANTA 2.3 NE, GA US",2022-09-05,0.86,"rain",71.5,1015.3,7.1,6.4,11.1,86,72
"980","ATLANTA 2.3 NE, GA US",2022-09-06,0.22,"rain",70.7,1016.6,10,4.6,8,86,71.1
"981","ATLANTA 2.3 NE, GA US",2022-09-07,0,"sun",68.9,1014.7,10,7.1,11.1,87.1,71.1
"982","ATLANTA 2.3 NE, GA US",2022-09-08,0,"sun",67,1010.4,10,7.6,14,87.1,71.1
"983","ATLANTA 2.3 NE, GA US",2022-09-09,0,"sun",66.2,1011.3,10,11,19,84.9,71.1
"984","ATLANTA 2.3 NE, GA US",2022-09-10,0.04,"rain",66.8,1015.7,6.3,9.9,13,75,66.2
"985","ATLANTA 2.3 NE, GA US",2022-09-11,0.05,"rain",70.2,1017.8,5,5.6,8.9,82,66.9
"986","ATLANTA 2.3 NE, GA US",2022-09-12,0.02,"rain",68.6,1013.5,9.1,6.5,11.1,84.9,69.1
"987","ATLANTA 2.3 NE, GA US",2022-09-13,0,"sun",54.6,1013.6,10,8,14,84.9,57
"988","ATLANTA 2.3 NE, GA US",2022-09-14,0,"sun",56.7,1016.5,10,5,8,84.9,57
"989","ATLANTA 2.3 NE, GA US",2022-09-15,0,"sun",58.6,1020,10,6.7,9.9,84.9,62.1
"990","ATLANTA 2.3 NE, GA US",2022-09-16,0,"sun",58.6,1021.4,10,5.3,11.1,82.9,64
"991","ATLANTA 2.3 NE, GA US",2022-09-17,0,"sun",60,1021.2,10,4.6,8,84,64
"992","ATLANTA 2.3 NE, GA US",2022-09-18,0,"sun",59.8,1019.8,10,5.3,8,86,64.9
"993","ATLANTA 2.3 NE, GA US",2022-09-19,0,"sun",60.7,1017.7,10,5,8,87.1,64.9
"994","ATLANTA 2.3 NE, GA US",2022-09-20,0,"sun",66,1016.2,9.8,4.7,8.9,91.9,66.9
"995","ATLANTA 2.3 NE, GA US",2022-09-21,0.02,"rain",67.6,1015.2,10,2.5,6,93,69.1
"996","ATLANTA 2.3 NE, GA US",2022-09-22,0,"sun",67.1,1012.8,10,7.1,14,93.9,71.1
"997","ATLANTA 2.3 NE, GA US",2022-09-23,0.34,"rain",50.3,1016.1,10,8,15,93.9,62.1
"998","ATLANTA 2.3 NE, GA US",2022-09-24,0,"sun",49.3,1019,10,2.3,6,81,55
"999","ATLANTA 2.3 NE, GA US",2022-09-25,0,"sun",54.6,1014.9,10,5,11.1,82.9,55
"1000","ATLANTA 2.3 NE, GA US",2022-09-26,0.02,"rain",57.5,1012.8,10,7.6,13,82.9,63
"1001","ATLANTA 2.3 NE, GA US",2022-09-27,0,"sun",43,1016.1,10,8,17.1,82,55
"1002","ATLANTA 2.3 NE, GA US",2022-09-28,0,"sun",37.5,1020.6,10,9.3,15.9,75.9,55
"1003","ATLANTA 2.3 NE, GA US",2022-09-29,0,"sun",40.5,1020.4,10,14.9,24.1,75.9,55
"1004","ATLANTA 2.3 NE, GA US",2022-09-30,0,"sun",46.8,1014.7,10,13,24.1,79,55.9
"1005","ATLANTA 2.3 NE, GA US",2022-10-01,0,"sun",46.7,1010.1,10,12.9,20,79,55.9
"1006","ATLANTA 2.3 NE, GA US",2022-10-02,0,"sun",51.3,1014.4,10,10.1,15.9,79,55
"1007","ATLANTA 2.3 NE, GA US",2022-10-03,0,"sun",51.5,1018.5,10,7.2,13,78.1,55
"1008","ATLANTA 2.3 NE, GA US",2022-10-04,0,"sun",53.3,1019.1,10,5.4,12,78.1,55.9
"1009","ATLANTA 2.3 NE, GA US",2022-10-05,0,"sun",45.5,1017.7,10,6.4,13,79,52
"1010","ATLANTA 2.3 NE, GA US",2022-10-06,0,"sun",43.6,1018.2,10,6.5,9.9,81,52
"1011","ATLANTA 2.3 NE, GA US",2022-10-07,0,"sun",47.4,1019.8,10,5,11.1,84,52
"1012","ATLANTA 2.3 NE, GA US",2022-10-08,0,"sun",46,1021.9,10,8.6,13,84,55.9
"1013","ATLANTA 2.3 NE, GA US",2022-10-09,0,"sun",40.8,1022.6,10,5.9,9.9,75,45
"1014","ATLANTA 2.3 NE, GA US",2022-10-10,0,"sun",44.9,1022.8,10,5.5,9.9,75.9,45
"1015","ATLANTA 2.3 NE, GA US",2022-10-11,0,"sun",52.1,1023.5,10,7.6,9.9,79,48.9
"1016","ATLANTA 2.3 NE, GA US",2022-10-12,0,"sun",63.5,1020.3,7.4,6.2,11.1,79,55.9
"1017","ATLANTA 2.3 NE, GA US",2022-10-13,1.25,"rain",60.6,1012,5.8,6.6,13,77,62.1
"1018","ATLANTA 2.3 NE, GA US",2022-10-14,0.01,"rain",41.7,1014.7,10,5.3,11.1,77,48.9
"1019","ATLANTA 2.3 NE, GA US",2022-10-15,0,"sun",45.8,1018.5,10,4.3,8.9,81,48.9
"1020","ATLANTA 2.3 NE, GA US",2022-10-16,0,"sun",50,1018.2,10,3.5,8,81,51.1
"1021","ATLANTA 2.3 NE, GA US",2022-10-17,0,"sun",53.8,1011.3,10,7.8,15.9,82,54
"1022","ATLANTA 2.3 NE, GA US",2022-10-18,0,"sun",26.3,1012.8,10,13.5,18.1,63,39.2
"1023","ATLANTA 2.3 NE, GA US",2022-10-19,0,"sun",27.9,1019.3,10,8.2,15,60.1,36
"1024","ATLANTA 2.3 NE, GA US",2022-10-20,0,"sun",27.1,1019.4,10,6,8.9,64,39
"1025","ATLANTA 2.3 NE, GA US",2022-10-21,0,"sun",31.7,1019.1,10,3.4,7,70,37
"1026","ATLANTA 2.3 NE, GA US",2022-10-22,0,"sun",37.1,1021.4,10,2.7,6,73.9,42.1
"1027","ATLANTA 2.3 NE, GA US",2022-10-23,0,"sun",39.4,1021.8,10,2.3,5.1,75,45
"1028","ATLANTA 2.3 NE, GA US",2022-10-24,0,"sun",46.1,1020.9,10,3,8,77,46
"1029","ATLANTA 2.3 NE, GA US",2022-10-25,0,"sun",51.4,1016,10,4.8,12,78.1,50
"1030","ATLANTA 2.3 NE, GA US",2022-10-26,0.34,"rain",52.7,1012.2,9.3,9.2,15,78.1,53.1
"1031","ATLANTA 2.3 NE, GA US",2022-10-27,0,"sun",46.1,1017,10,8.2,12,73,46.9
"1032","ATLANTA 2.3 NE, GA US",2022-10-28,0,"sun",48.4,1023.2,10,10.1,15.9,73,46.9
"1033","ATLANTA 2.3 NE, GA US",2022-10-29,0,"sun",48.9,1025.1,10,10.3,14,71.1,53.1
"1034","ATLANTA 2.3 NE, GA US",2022-10-30,0.01,"drizzle",55.9,1020.2,3.5,9.9,14,66.9,53.1
"1035","ATLANTA 2.3 NE, GA US",2022-10-31,0.33,"rain",58.5,1015.8,3.8,6,13,75,57
"1036","ATLANTA 2.3 NE, GA US",2022-11-01,0,"sun",52.7,1020.1,9.7,6.2,8.9,75,54
"1037","ATLANTA 2.3 NE, GA US",2022-11-02,0,"sun",53.1,1023.7,10,4.7,11.1,75.9,54
"1038","ATLANTA 2.3 NE, GA US",2022-11-03,0,"sun",53.1,1024.5,10,6.7,8.9,75.9,57
"1039","ATLANTA 2.3 NE, GA US",2022-11-04,0,"sun",52.5,1023.5,9.8,6.1,12,75.9,54
"1040","ATLANTA 2.3 NE, GA US",2022-11-05,0,"sun",59.8,1018.7,8.5,6.9,11.1,79,54
"1041","ATLANTA 2.3 NE, GA US",2022-11-06,0.04,"rain",64.4,1018,10,5,15,82.9,62.1
"1042","ATLANTA 2.3 NE, GA US",2022-11-07,0,"sun",65.3,1023,6.9,4.5,8,82.9,68
"1043","ATLANTA 2.3 NE, GA US",2022-11-08,0,"sun",59.2,1025.4,10,7.7,15,82.9,66.9
"1044","ATLANTA 2.3 NE, GA US",2022-11-09,0,"sun",37,1027.6,10,13.2,19,80.1,51.1
"1045","ATLANTA 2.3 NE, GA US",2022-11-10,0,"sun",50,1019.8,9.4,16.3,21,69.1,51.1
"1046","ATLANTA 2.3 NE, GA US",2022-11-11,0.82,"rain",63.3,1004,6,11.6,20,71.1,59
"1047","ATLANTA 2.3 NE, GA US",2022-11-12,0.54,"rain",58.5,1011.4,9,7.5,17.1,71.1,51.1
"1048","ATLANTA 2.3 NE, GA US",2022-11-13,0,"sun",29.7,1020.1,10,13.5,19,51.1,34
"1049","ATLANTA 2.3 NE, GA US",2022-11-14,0,"sun",27.6,1024.2,10,9,15.9,55,33.1
"1050","ATLANTA 2.3 NE, GA US",2022-11-15,0.07,"rain",40.4,1020.7,7.1,9.2,15,55,33.1
"1051","ATLANTA 2.3 NE, GA US",2022-11-16,0.42,"rain",38.4,1022.4,9.7,10.2,15,48.9,42.1
"1052","ATLANTA 2.3 NE, GA US",2022-11-17,0,"sun",24.2,1024.7,10,7.9,13,48.9,33.1
"1053","ATLANTA 2.3 NE, GA US",2022-11-18,0,"sun",21.4,1026.3,10,7.1,9.9,54,30
"1054","ATLANTA 2.3 NE, GA US",2022-11-19,0,"sun",28.8,1026.6,10,5.4,11.1,54,30
"1055","ATLANTA 2.3 NE, GA US",2022-11-20,0,"sun",20.4,1027.1,10,9.2,13,53.1,33.1
"1056","ATLANTA 2.3 NE, GA US",2022-11-21,0,"sun",18.6,1029.5,10,5,8.9,57.9,30.9
"1057","ATLANTA 2.3 NE, GA US",2022-11-22,0,"sun",23.7,1028,10,3.5,6,64,30.9
"1058","ATLANTA 2.3 NE, GA US",2022-11-23,0,"sun",33.4,1024,9.9,2.5,6,71.1,43
"1059","ATLANTA 2.3 NE, GA US",2022-11-24,0,"sun",38.3,1022.9,10,7.5,12,71.1,43
"1060","ATLANTA 2.3 NE, GA US",2022-11-25,0.27,"rain",48.9,1019.5,8.8,7.2,11.1,66,51.1
"1061","ATLANTA 2.3 NE, GA US",2022-11-26,0,"sun",47.6,1019.8,10,7.5,12,66,48.9
"1062","ATLANTA 2.3 NE, GA US",2022-11-27,0.59,"rain",52,1010.5,7.9,10.6,21,66.9,48.9
"1063","ATLANTA 2.3 NE, GA US",2022-11-28,0,"sun",44.1,1013.7,10,6.9,13,66.9,48
"1064","ATLANTA 2.3 NE, GA US",2022-11-29,0,"sun",43.8,1019,10,4.2,11.1,69.1,44.1
"1065","ATLANTA 2.3 NE, GA US",2022-11-30,2.67,"rain",53.6,1017.7,6.7,9.7,19,69.1,44.1
"1066","ATLANTA 2.3 NE, GA US",2022-12-01,0.02,"rain",22,1028.6,10,7.9,14,69.1,33.1
"1067","ATLANTA 2.3 NE, GA US",2022-12-02,0,"sun",30.7,1030.5,10,6.6,9.9,61,33.1
"1068","ATLANTA 2.3 NE, GA US",2022-12-03,0,"sun",51,1027.5,8.1,6.2,18.1,64.9,39
"1069","ATLANTA 2.3 NE, GA US",2022-12-04,0.18,"rain",49.1,1023.8,9.1,5.7,8.9,64.9,37
"1070","ATLANTA 2.3 NE, GA US",2022-12-05,0.01,"rain",43.1,1019.7,7,5.9,13,60.1,45
"1071","ATLANTA 2.3 NE, GA US",2022-12-06,1.38,"rain",48.7,1021,0.6,6.6,8.9,55,48
"1072","ATLANTA 2.3 NE, GA US",2022-12-07,0.03,"rain",58.1,1024.1,3.2,4.2,8,73,48
"1073","ATLANTA 2.3 NE, GA US",2022-12-08,0.02,"rain",62.8,1022.8,6.8,3.1,11.1,78.1,61
"1074","ATLANTA 2.3 NE, GA US",2022-12-09,0,"sun",60.8,1019.6,8.6,4.1,13,78.1,55
"1075","ATLANTA 2.3 NE, GA US",2022-12-10,0.63,"rain",53.2,1021.4,3.1,6.9,13,71.1,52
"1076","ATLANTA 2.3 NE, GA US",2022-12-11,0,"sun",51.3,1021,3.2,4.8,9.9,57,52
"1077","ATLANTA 2.3 NE, GA US",2022-12-12,0.61,"rain",51.8,1019.1,4,3.9,7,61,51.8
"1078","ATLANTA 2.3 NE, GA US",2022-12-13,0,"sun",45.4,1021.7,9.4,8.9,14,62.1,48
"1079","ATLANTA 2.3 NE, GA US",2022-12-14,0,"sun",40.2,1018.3,7.2,10.3,15.9,53.1,43
"1080","ATLANTA 2.3 NE, GA US",2022-12-15,1.3,"rain",44.8,1009.7,5.4,10.3,14,57.9,46
"1081","ATLANTA 2.3 NE, GA US",2022-12-16,0,"sun",30.6,1014.8,10,8.3,15,57.9,37
"1082","ATLANTA 2.3 NE, GA US",2022-12-17,0,"sun",27.6,1015.6,10,7.2,12,54,37
"1083","ATLANTA 2.3 NE, GA US",2022-12-18,0,"sun",21.9,1020.3,10,9.4,15,48,30.9
"1084","ATLANTA 2.3 NE, GA US",2022-12-19,0,"sun",22.1,1027.4,10,6.8,9.9,51.1,28.9
"1085","ATLANTA 2.3 NE, GA US",2022-12-20,0.02,"rain",32.1,1028.2,7.6,9,15,51.1,28.9
"1086","ATLANTA 2.3 NE, GA US",2022-12-21,0.06,"rain",32.9,1026.8,10,10,12,50,39
"1087","ATLANTA 2.3 NE, GA US",2022-12-22,0.02,"rain",39.5,1017.2,4.3,7.3,15,50,39
"1088","ATLANTA 2.3 NE, GA US",2022-12-23,0.16,"snow",19.8,1017,8.2,17,27,52,15.1
"1089","ATLANTA 2.3 NE, GA US",2022-12-24,0,"sun",1.1,1026.6,10,12.8,18.1,26.1,8.1
"1090","ATLANTA 2.3 NE, GA US",2022-12-25,0,"sun",6.2,1025.6,10,9.4,13,37,8.1
"1091","ATLANTA 2.3 NE, GA US",2022-12-26,0,"sun",5.5,1025.4,10,5.4,8,44.1,18
"1092","ATLANTA 2.3 NE, GA US",2022-12-27,0,"sun",20.5,1025.9,9.8,3.6,8,52,19
"1093","ATLANTA 2.3 NE, GA US",2022-12-28,0,"sun",24.6,1026,10,2.8,8.9,57.9,30
"1094","ATLANTA 2.3 NE, GA US",2022-12-29,0,"sun",34.9,1027,10,6.3,8,66,30
"1095","ATLANTA 2.3 NE, GA US",2022-12-30,0,"sun",46.3,1024,10,6,9.9,66.9,42.1
"1096","ATLANTA 2.3 NE, GA US",2022-12-31,0.03,"rain",55.4,1017,7.9,4.4,18.1,66.9,46.9
